Workbook
Name daysnew: [1]Eingabe!$J$3
Name Entryshavday: [1]Eingabe!$AL$6
Name Entryshavnew: [1]Eingabe!$AM$6
Name Entryshavprv: [1]Eingabe!$AK$6
Name Entryshbonday: [1]Eingabe!$AL$4
Name Entryshbonnew: [1]Eingabe!$AM$4
Name Entryshbonprv: [1]Eingabe!$AK$4
Name Entryshgmday: [1]Eingabe!$AN$3
Name Entryshgmnew: [1]Eingabe!$AN$4
Name Entryshgmprv: [1]Eingabe!$AN$2
Name Entryshnamoff: [1]Eingabe!$AJ$2
Name Entryshpinsday: [1]Eingabe!$AL$2
Name Entryshpinsnew: [1]Eingabe!$AM$2
Name Entryshpinsprv: [1]Eingabe!$AK$2
Name Entryshpointday: [1]Eingabe!$AL$3
Name Entryshpointnew: [1]Eingabe!$AM$3
Name Entryshpointprv: [1]Eingabe!$AK$3
Name Entryshsize: [1]Eingabe!$AE$1
Name Entryshtabhsz: [1]Eingabe!$AJ$5
Name Entryshtabvsz: [1]Eingabe!$AJ$4
Name Entryshtnumoffs: [1]Eingabe!$AJ$3
Name Entryshtotday: [1]Eingabe!$AL$5
Name Entryshtotprv: [1]Eingabe!$AK$5
Name Gamesfix: [1]Eingabe!$P$8
Name Gameshavoffs: [1]Eingabe!$AI$5
Name Gameshavpos: [1]Eingabe!$AE$3
Name Gameshgmpos: [1]Eingabe!$AE$4
Name Gameshpinspos: [1]Eingabe!$AE$5
Name Gameshplnum: [1]Eingabe!$AI$4
Name Gameshpnpos: [1]Eingabe!$AI$2
Name Gameshsize: [1]Eingabe!$AI$1
Name Gameshtpinpos: [1]Eingabe!$AQ$4
Name Gameshtpntpos: [1]Eingabe!$AQ$5
Name gamesnew: [1]Eingabe!$J$2
Name GamshEDVpos: [1]Eingabe!$AE$2
Name Teamshbase: [1]RL!$A$11
Name Teamshnum: [1]RL!$A$13
Name Teamshoffs: [1]RL!$A$12
Name Teamshsize: [1]RL!$A$15
Name teamsnew: [1]Eingabe!$J$1

Sheet Spielorte
A1: 1 | B1: 04.10./05.10. | C1: Regensburg Super Bowl | E1: Bamberg Bowlinghaus
A2: 2 | B2: 18.10./19.10. | C2: Unterföhring Dreambowl Palace | E2: Bayreuth Blu Bowl
A3: 3 | B3: 08.11./09.11. | C3: Brunnthal Max Munich | E3: Brunnthal Max Munich
A4: 4 | B4: 30.01./01.02. | C4: Regensburg Super Bowl | E4: Dettelbach Extreme Bowlingarena
A5: 5 | B5: 28.02./01.03. | C5: Schweinfurt Extreme Bowlingarena | E5: Friedrichshafen Seaside
A6: 6 | B6: 11.04./12.04. | C6: Unterföhring Dreambowl Palace | E6: Garmisch Zugspitzbowling
E7: Ingolstadt Cosmos Bowling Arena
E8: Kempten Big Bowl
E9: Landshut LA-Bowling
E10: Lauterach Strike-Center
E11: München Hollywood Super Bowling
E12: München Isar Bowling
E13: Nürnberg West Bowling
E14: Olching 5005 Bowling
E15: Pfaffenhofen Hollywood Super Bowling
E16: Regensburg Super Bowl
E17: Rottendorf Bowling-Center
A18: Saison: | C18: 2025/2026 | E18: Salzburg Sport-Oase
E19: Schweinfurt Extreme Bowlingarena
A20: Ligaauswertung für | E20: Unterföhring Dreambowl Palace
A21: 10 | B21: Mannschaften | E21: Würzburg Midnight Bowling
A22: 6 | B22: Spieltage
A23: 9 | B23: Spiele / Tag
A622: letzte Korrektur MS 23.01.2023

Sheet Schlüssel
C1: Bayernliga Herren | M1: =VLOOKUP($S$2,Spielorte!$A$1:$C$6,2) -> 04.10./05.10. | W1: =+C1 -> Bayernliga Herren | AG1: =VLOOKUP($AM$2,Spielorte!$A$1:$C$6,2) -> 18.10./19.10. | AQ1: =+W1 -> Bayernliga Herren | BA1: =VLOOKUP($BG$2,Spielorte!$A$1:$C$6,2) -> 08.11./09.11. | BK1: =+AQ1 -> Bayernliga Herren | BU1: =VLOOKUP($CA$2,Spielorte!$A$1:$C$6,2) -> 30.01./01.02. | CE1: =+BK1 -> Bayernliga Herren | CO1: =VLOOKUP($CU$2,Spielorte!$A$1:$C$6,2) -> 28.02./01.03. | CY1: =+CE1 -> Bayernliga Herren | DI1: =VLOOKUP($DO$2,Spielorte!$A$1:$C$6,2) -> 11.04./12.04.
C2: =VLOOKUP($S$2,Spielorte!$A$1:$C$6,3) -> Regensburg Super Bowl | M2: Spieltag | S2: 1 | W2: =VLOOKUP($AM$2,Spielorte!$A$1:$C$6,3) -> Unterföhring Dreambowl Palace | AG2: Spieltag | AM2: 2 | AQ2: =VLOOKUP($BG$2,Spielorte!$A$1:$C$6,3) -> Brunnthal Max Munich | BA2: Spieltag | BG2: 3 | BK2: =VLOOKUP($CA$2,Spielorte!$A$1:$C$6,3) -> Regensburg Super Bowl | BU2: Spieltag | CA2: 4 | CE2: =VLOOKUP($CU$2,Spielorte!$A$1:$C$6,3) -> Schweinfurt Extreme Bowlingarena | CO2: Spieltag | CU2: 5 | CY2: =VLOOKUP($DO$2,Spielorte!$A$1:$C$6,3) -> Unterföhring Dreambowl Palace | DI2: Spieltag | DO2: 6
C3: Gegner | M3: Bahn | V3: Startbahn: | W3: Gegner | AG3: Bahn | AP3: Startbahn: | AQ3: Gegner | BA3: Bahn | BJ3: Startbahn: | BK3: Gegner | BU3: Bahn | CD3: Startbahn: | CE3: Gegner | CO3: Bahn | CX3: Startbahn: | CY3: Gegner | DI3: Bahn | DR3: Startbahn:
C4: Sp 1 | D4: Sp 2 | E4: Sp 3 | F4: Sp 4 | G4: Sp 5 | H4: Sp 6 | I4: Sp 7 | J4: Sp 8 | K4: Sp 9 | M4: Sp 1 | N4: Sp 2 | O4: Sp 3 | P4: Sp 4 | Q4: Sp 5 | R4: Sp 6 | S4: Sp 7 | T4: Sp 8 | U4: Sp 9 | V4: =Erfassung1!AY4 -> 3 | W4: Sp 1 | X4: Sp 2 | Y4: Sp 3 | Z4: Sp 4 | AA4: Sp 5 | AB4: Sp 6 | AC4: Sp 7 | AD4: Sp 8 | AE4: Sp 9 | AG4: Sp 1 | AH4: Sp 2 | AI4: Sp 3 | AJ4: Sp 4 | AK4: Sp 5 | AL4: Sp 6 | AM4: Sp 7 | AN4: Sp 8 | AO4: Sp 9 | AP4: =Erfassung2!AY4 -> 12 | AQ4: Sp 1 | AR4: Sp 2 | AS4: Sp 3 | AT4: Sp 4 | AU4: Sp 5 | AV4: Sp 6 | AW4: Sp 7 | AX4: Sp 8 | AY4: Sp 9 | BA4: Sp 1 | BB4: Sp 2 | BC4: Sp 3 | BD4: Sp 4 | BE4: Sp 5 | BF4: Sp 6 | BG4: Sp 7 | BH4: Sp 8 | BI4: Sp 9 | BJ4: =Erfassung3!AY4 -> 11 | BK4: Sp 1 | BL4: Sp 2 | BM4: Sp 3 | BN4: Sp 4 | BO4: Sp 5 | BP4: Sp 6 | BQ4: Sp 7 | BR4: Sp 8 | BS4: Sp 9 | BU4: Sp 1 | BV4: Sp 2 | BW4: Sp 3 | BX4: Sp 4 | BY4: Sp 5 | BZ4: Sp 6 | CA4: Sp 7 | CB4: Sp 8 | CC4: Sp 9 | CD4: =Erfassung4!AY4 -> 11 | CE4: Sp 1 | CF4: Sp 2 | CG4: Sp 3 | CH4: Sp 4 | CI4: Sp 5 | CJ4: Sp 6 | CK4: Sp 7 | CL4: Sp 8 | CM4: Sp 9 | CO4: Sp 1 | CP4: Sp 2 | CQ4: Sp 3 | CR4: Sp 4 | CS4: Sp 5 | CT4: Sp 6 | CU4: Sp 7 | CV4: Sp 8 | CW4: Sp 9 | CX4: =Erfassung5!AY4 -> 11 | CY4: Sp 1 | CZ4: Sp 2 | DA4: Sp 3 | DB4: Sp 4 | DC4: Sp 5 | DD4: Sp 6 | DE4: Sp 7 | DF4: Sp 8 | DG4: Sp 9 | DI4: Sp 1 | DJ4: Sp 2 | DK4: Sp 3 | DL4: Sp 4 | DM4: Sp 5 | DN4: Sp 6 | DO4: Sp 7 | DP4: Sp 8 | DQ4: Sp 9 | DR4: =Erfassung6!AY4 -> 11
A5: 1 | B5: BC Comet Nürnberg | C5: 3 | D5: 9 | E5: 6 | F5: 5 | G5: 10 | H5: 7 | I5: 4 | J5: 2 | K5: 8 | L5: =SUM(C5:K5) -> 54 | M5: =M16+$V$4-1 -> 7 | N5: =N16+$V$4-1 -> 6 | O5: =O16+$V$4-1 -> 9 | P5: =P16+$V$4-1 -> 11 | Q5: =Q16+$V$4-1 -> 3 | R5: =R16+$V$4-1 -> 5 | S5: =S16+$V$4-1 -> 12 | T5: =T16+$V$4-1 -> 10 | U5: =U16+$V$4-1 -> 4 | V5: =SUM(M5:U5) -> 67 | W5: 8 | X5: 2 | Y5: 4 | Z5: 7 | AA5: 10 | AB5: 5 | AC5: 6 | AD5: 9 | AE5: 3 | AF5: =SUM(W5:AE5) -> 54 | AG5: =AG16+$AP$4-1 -> 14 | AH5: =AH16+$AP$4-1 -> 20 | AI5: =AI16+$AP$4-1 -> 16 | AJ5: =AJ16+$AP$4-1 -> 19 | AK5: =AK16+$AP$4-1 -> 15 | AL5: =AL16+$AP$4-1 -> 17 | AM5: =AM16+$AP$4-1 -> 21 | AN5: =AN16+$AP$4-1 -> 18 | AO5: =AO16+$AP$4-1 -> 13 | AP5: =SUM(AG5:AO5) -> 153 | AQ5: 5 | AR5: 3 | AS5: 8 | AT5: 2 | AU5: 6 | AV5: 4 | AW5: 7 | AX5: 9 | AY5: 10 | AZ5: =SUM(AQ5:AY5) -> 54 | BA5: =BA16+$BJ$4-1 -> 12 | BB5: =BB16+$BJ$4-1 -> 19 | BC5: =BC16+$BJ$4-1 -> 15 | BD5: =BD16+$BJ$4-1 -> 11 | BE5: =BE16+$BJ$4-1 -> 14 | BF5: =BF16+$BJ$4-1 -> 17 | BG5: =BG16+$BJ$4-1 -> 20 | BH5: =BH16+$BJ$4-1 -> 16 | BI5: =BI16+$BJ$4-1 -> 18 | BJ5: =SUM(BA5:BI5) -> 142 | BK5: 10 | BL5: 9 | BM5: 7 | BN5: 4 | BO5: 6 | BP5: 2 | BQ5: 8 | BR5: 3 | BS5: 5 | BT5: =SUM(BK5:BS5) -> 54 | BU5: =BU16+$CD$4-1 -> 19 | BV5: =BV16+$CD$4-1 -> 11 | BW5: =BW16+$CD$4-1 -> 15 | BX5: =BX16+$CD$4-1 -> 20 | BY5: =BY16+$CD$4-1 -> 17 | BZ5: =BZ16+$CD$4-1 -> 14 | CA5: =CA16+$CD$4-1 -> 12 | CB5: =CB16+$CD$4-1 -> 16 | CC5: =CC16+$CD$4-1 -> 13 | CD5: =SUM(BU5:CC5) -> 137 | CE5: 2 | CF5: 6 | CG5: 10 | CH5: 9 | CI5: 4 | CJ5: 3 | CK5: 5 | CL5: 8 | CM5: 7 | CN5: =SUM(CE5:CM5) -> 54 | CO5: =CO16+$CX$4-1 -> 19 | CP5: =CP16+$CX$4-1 -> 16 | CQ5: =CQ16+$CX$4-1 -> 18 | CR5: =CR16+$CX$4-1 -> 20 | CS5: =CS16+$CX$4-1 -> 12 | CT5: =CT16+$CX$4-1 -> 14 | CU5: =CU16+$CX$4-1 -> 17 | CV5: =CV16+$CX$4-1 -> 15 | CW5: =CW16+$CX$4-1 -> 11 | CX5: =SUM(CO5:CW5) -> 142 | CY5: 7 | CZ5: 8 | DA5: 5 | DB5: 3 | DC5: 4 | DD5: 9 | DE5: 10 | DF5: 6 | DG5: 2 | DH5: =SUM(CY5:DG5) -> 54 | DI5: =DI16+$DR$4-1 -> 14 | DJ5: =DJ16+$DR$4-1 -> 20 | DK5: =DK16+$DR$4-1 -> 16 | DL5: =DL16+$DR$4-1 -> 17 | DM5: =DM16+$DR$4-1 -> 13 | DN5: =DN16+$DR$4-1 -> 11 | DO5: =DO16+$DR$4-1 -> 15 | DP5: =DP16+$DR$4-1 -> 19 | DQ5: =DQ16+$DR$4-1 -> 12 | DR5: =SUM(DI5:DQ5) -> 137
A6: 2 | B6: BK München 3 | C6: 6 | D6: 4 | E6: 8 | F6: 7 | G6: 3 | H6: 5 | I6: 10 | J6: 1 | K6: 9 | L6: =SUM(C6:K6) -> 53 | M6: =M17+$V$4-1 -> 3 | N6: =N17+$V$4-1 -> 11 | O6: =O17+$V$4-1 -> 8 | P6: =P17+$V$4-1 -> 6 | Q6: =Q17+$V$4-1 -> 10 | R6: =R17+$V$4-1 -> 4 | S6: =S17+$V$4-1 -> 7 | T6: =T17+$V$4-1 -> 9 | U6: =U17+$V$4-1 -> 5 | V6: =SUM(M6:U6) -> 63 | W6: 9 | X6: 1 | Y6: 10 | Z6: 5 | AA6: 3 | AB6: 7 | AC6: 8 | AD6: 4 | AE6: 6 | AF6: =SUM(W6:AE6) -> 53 | AG6: =AG17+$AP$4-1 -> 19 | AH6: =AH17+$AP$4-1 -> 21 | AI6: =AI17+$AP$4-1 -> 13 | AJ6: =AJ17+$AP$4-1 -> 14 | AK6: =AK17+$AP$4-1 -> 20 | AL6: =AL17+$AP$4-1 -> 18 | AM6: =AM17+$AP$4-1 -> 12 | AN6: =AN17+$AP$4-1 -> 17 | AO6: =AO17+$AP$4-1 -> 15 | AP6: =SUM(AG6:AO6) -> 149 | AQ6: 8 | AR6: 10 | AS6: 3 | AT6: 1 | AU6: 7 | AV6: 6 | AW6: 9 | AX6: 5 | AY6: 4 | AZ6: =SUM(AQ6:AY6) -> 53 | BA6: =BA17+$BJ$4-1 -> 20 | BB6: =BB17+$BJ$4-1 -> 15 | BC6: =BC17+$BJ$4-1 -> 14 | BD6: =BD17+$BJ$4-1 -> 12 | BE6: =BE17+$BJ$4-1 -> 16 | BF6: =BF17+$BJ$4-1 -> 19 | BG6: =BG17+$BJ$4-1 -> 11 | BH6: =BH17+$BJ$4-1 -> 17 | BI6: =BI17+$BJ$4-1 -> 13 | BJ6: =SUM(BA6:BI6) -> 137 | BK6: 4 | BL6: 5 | BM6: 9 | BN6: 6 | BO6: 7 | BP6: 1 | BQ6: 3 | BR6: 10 | BS6: 8 | BT6: =SUM(BK6:BS6) -> 53 | BU6: =BU17+$CD$4-1 -> 18 | BV6: =BV17+$CD$4-1 -> 20 | BW6: =BW17+$CD$4-1 -> 14 | BX6: =BX17+$CD$4-1 -> 16 | BY6: =BY17+$CD$4-1 -> 11 | BZ6: =BZ17+$CD$4-1 -> 13 | CA6: =CA17+$CD$4-1 -> 17 | CB6: =CB17+$CD$4-1 -> 12 | CC6: =CC17+$CD$4-1 -> 15 | CD6: =SUM(BU6:CC6) -> 136 | CE6: 1 | CF6: 9 | CG6: 3 | CH6: 10 | CI6: 6 | CJ6: 7 | CK6: 8 | CL6: 4 | CM6: 5 | CN6: =SUM(CE6:CM6) -> 53 | CO6: =CO17+$CX$4-1 -> 20 | CP6: =CP17+$CX$4-1 -> 17 | CQ6: =CQ17+$CX$4-1 -> 12 | CR6: =CR17+$CX$4-1 -> 13 | CS6: =CS17+$CX$4-1 -> 15 | CT6: =CT17+$CX$4-1 -> 18 | CU6: =CU17+$CX$4-1 -> 14 | CV6: =CV17+$CX$4-1 -> 11 | CW6: =CW17+$CX$4-1 -> 16 | CX6: =SUM(CO6:CW6) -> 136 | CY6: 5 | CZ6: 4 | DA6: 8 | DB6: 7 | DC6: 6 | DD6: 10 | DE6: 3 | DF6: 9 | DG6: 1 | DH6: =SUM(CY6:DG6) -> 53 | DI6: =DI17+$DR$4-1 -> 19 | DJ6: =DJ17+$DR$4-1 -> 14 | DK6: =DK17+$DR$4-1 -> 17 | DL6: =DL17+$DR$4-1 -> 15 | DM6: =DM17+$DR$4-1 -> 20 | DN6: =DN17+$DR$4-1 -> 18 | DO6: =DO17+$DR$4-1 -> 13 | DP6: =DP17+$DR$4-1 -> 16 | DQ6: =DQ17+$DR$4-1 -> 11 | DR6: =SUM(DI6:DQ6) -> 143
A7: 3 | B7: SG DJK Rimpar 1 | C7: 1 | D7: 10 | E7: 5 | F7: 9 | G7: 2 | H7: 6 | I7: 8 | J7: 4 | K7: 7 | L7: =SUM(C7:K7) -> 52 | M7: =M18+$V$4-1 -> 8 | N7: =N18+$V$4-1 -> 4 | O7: =O18+$V$4-1 -> 6 | P7: =P18+$V$4-1 -> 7 | Q7: =Q18+$V$4-1 -> 9 | R7: =R18+$V$4-1 -> 12 | S7: =S18+$V$4-1 -> 5 | T7: =T18+$V$4-1 -> 3 | U7: =U18+$V$4-1 -> 10 | V7: =SUM(M7:U7) -> 64 | W7: 7 | X7: 4 | Y7: 8 | Z7: 6 | AA7: 2 | AB7: 9 | AC7: 5 | AD7: 10 | AE7: 1 | AF7: =SUM(W7:AE7) -> 52 | AG7: =AG18+$AP$4-1 -> 20 | AH7: =AH18+$AP$4-1 -> 15 | AI7: =AI18+$AP$4-1 -> 19 | AJ7: =AJ18+$AP$4-1 -> 16 | AK7: =AK18+$AP$4-1 -> 21 | AL7: =AL18+$AP$4-1 -> 13 | AM7: =AM18+$AP$4-1 -> 18 | AN7: =AN18+$AP$4-1 -> 14 | AO7: =AO18+$AP$4-1 -> 12 | AP7: =SUM(AG7:AO7) -> 148 | AQ7: 10 | AR7: 1 | AS7: 2 | AT7: 6 | AU7: 9 | AV7: 7 | AW7: 5 | AX7: 4 | AY7: 8 | AZ7: =SUM(AQ7:AY7) -> 52 | BA7: =BA18+$BJ$4-1 -> 17 | BB7: =BB18+$BJ$4-1 -> 20 | BC7: =BC18+$BJ$4-1 -> 13 | BD7: =BD18+$BJ$4-1 -> 16 | BE7: =BE18+$BJ$4-1 -> 18 | BF7: =BF18+$BJ$4-1 -> 11 | BG7: =BG18+$BJ$4-1 -> 14 | BH7: =BH18+$BJ$4-1 -> 19 | BI7: =BI18+$BJ$4-1 -> 12 | BJ7: =SUM(BA7:BI7) -> 140 | BK7: 8 | BL7: 4 | BM7: 5 | BN7: 7 | BO7: 9 | BP7: 6 | BQ7: 2 | BR7: 1 | BS7: 10 | BT7: =SUM(BK7:BS7) -> 52 | BU7: =BU18+$CD$4-1 -> 13 | BV7: =BV18+$CD$4-1 -> 16 | BW7: =BW18+$CD$4-1 -> 17 | BX7: =BX18+$CD$4-1 -> 14 | BY7: =BY18+$CD$4-1 -> 19 | BZ7: =BZ18+$CD$4-1 -> 11 | CA7: =CA18+$CD$4-1 -> 18 | CB7: =CB18+$CD$4-1 -> 15 | CC7: =CC18+$CD$4-1 -> 20 | CD7: =SUM(BU7:CC7) -> 143 | CE7: 4 | CF7: 7 | CG7: 2 | CH7: 5 | CI7: 8 | CJ7: 1 | CK7: 10 | CL7: 9 | CM7: 6 | CN7: =SUM(CE7:CM7) -> 52 | CO7: =CO18+$CX$4-1 -> 16 | CP7: =CP18+$CX$4-1 -> 20 | CQ7: =CQ18+$CX$4-1 -> 11 | CR7: =CR18+$CX$4-1 -> 15 | CS7: =CS18+$CX$4-1 -> 17 | CT7: =CT18+$CX$4-1 -> 13 | CU7: =CU18+$CX$4-1 -> 12 | CV7: =CV18+$CX$4-1 -> 19 | CW7: =CW18+$CX$4-1 -> 14 | CX7: =SUM(CO7:CW7) -> 137 | CY7: 6 | CZ7: 9 | DA7: 10 | DB7: 1 | DC7: 8 | DD7: 5 | DE7: 2 | DF7: 7 | DG7: 4 | DH7: =SUM(CY7:DG7) -> 52 | DI7: =DI18+$DR$4-1 -> 17 | DJ7: =DJ18+$DR$4-1 -> 12 | DK7: =DK18+$DR$4-1 -> 13 | DL7: =DL18+$DR$4-1 -> 18 | DM7: =DM18+$DR$4-1 -> 16 | DN7: =DN18+$DR$4-1 -> 20 | DO7: =DO18+$DR$4-1 -> 14 | DP7: =DP18+$DR$4-1 -> 11 | DQ7: =DQ18+$DR$4-1 -> 19 | DR7: =SUM(DI7:DQ7) -> 140
A8: 4 | B8: SG Rottendorf 1 | C8: 7 | D8: 2 | E8: 9 | F8: 10 | G8: 6 | H8: 8 | I8: 1 | J8: 3 | K8: 5 | L8: =SUM(C8:K8) -> 51 | M8: =M19+$V$4-1 -> 9 | N8: =N19+$V$4-1 -> 12 | O8: =O19+$V$4-1 -> 3 | P8: =P19+$V$4-1 -> 10 | Q8: =Q19+$V$4-1 -> 5 | R8: =R19+$V$4-1 -> 7 | S8: =S19+$V$4-1 -> 11 | T8: =T19+$V$4-1 -> 4 | U8: =U19+$V$4-1 -> 8 | V8: =SUM(M8:U8) -> 69 | W8: 5 | X8: 3 | Y8: 1 | Z8: 8 | AA8: 6 | AB8: 10 | AC8: 9 | AD8: 2 | AE8: 7 | AF8: =SUM(W8:AE8) -> 51 | AG8: =AG19+$AP$4-1 -> 12 | AH8: =AH19+$AP$4-1 -> 14 | AI8: =AI19+$AP$4-1 -> 17 | AJ8: =AJ19+$AP$4-1 -> 13 | AK8: =AK19+$AP$4-1 -> 19 | AL8: =AL19+$AP$4-1 -> 20 | AM8: =AM19+$AP$4-1 -> 15 | AN8: =AN19+$AP$4-1 -> 16 | AO8: =AO19+$AP$4-1 -> 21 | AP8: =SUM(AG8:AO8) -> 147 | AQ8: 6 | AR8: 5 | AS8: 9 | AT8: 7 | AU8: 8 | AV8: 1 | AW8: 10 | AX8: 3 | AY8: 2 | AZ8: =SUM(AQ8:AY8) -> 51 | BA8: =BA19+$BJ$4-1 -> 15 | BB8: =BB19+$BJ$4-1 -> 13 | BC8: =BC19+$BJ$4-1 -> 12 | BD8: =BD19+$BJ$4-1 -> 17 | BE8: =BE19+$BJ$4-1 -> 19 | BF8: =BF19+$BJ$4-1 -> 18 | BG8: =BG19+$BJ$4-1 -> 16 | BH8: =BH19+$BJ$4-1 -> 20 | BI8: =BI19+$BJ$4-1 -> 14 | BJ8: =SUM(BA8:BI8) -> 144 | BK8: 2 | BL8: 3 | BM8: 10 | BN8: 1 | BO8: 8 | BP8: 7 | BQ8: 9 | BR8: 5 | BS8: 6 | BT8: =SUM(BK8:BS8) -> 51 | BU8: =BU19+$CD$4-1 -> 17 | BV8: =BV19+$CD$4-1 -> 15 | BW8: =BW19+$CD$4-1 -> 11 | BX8: =BX19+$CD$4-1 -> 19 | BY8: =BY19+$CD$4-1 -> 16 | BZ8: =BZ19+$CD$4-1 -> 20 | CA8: =CA19+$CD$4-1 -> 13 | CB8: =CB19+$CD$4-1 -> 18 | CC8: =CC19+$CD$4-1 -> 12 | CD8: =SUM(BU8:CC8) -> 141 | CE8: 3 | CF8: 8 | CG8: 5 | CH8: 7 | CI8: 1 | CJ8: 10 | CK8: 6 | CL8: 2 | CM8: 9 | CN8: =SUM(CE8:CM8) -> 51 | CO8: =CO19+$CX$4-1 -> 15 | CP8: =CP19+$CX$4-1 -> 13 | CQ8: =CQ19+$CX$4-1 -> 19 | CR8: =CR19+$CX$4-1 -> 17 | CS8: =CS19+$CX$4-1 -> 11 | CT8: =CT19+$CX$4-1 -> 16 | CU8: =CU19+$CX$4-1 -> 20 | CV8: =CV19+$CX$4-1 -> 12 | CW8: =CW19+$CX$4-1 -> 18 | CX8: =SUM(CO8:CW8) -> 141 | CY8: 9 | CZ8: 2 | DA8: 6 | DB8: 10 | DC8: 1 | DD8: 7 | DE8: 5 | DF8: 8 | DG8: 3 | DH8: =SUM(CY8:DG8) -> 51 | DI8: =DI19+$DR$4-1 -> 15 | DJ8: =DJ19+$DR$4-1 -> 13 | DK8: =DK19+$DR$4-1 -> 11 | DL8: =DL19+$DR$4-1 -> 19 | DM8: =DM19+$DR$4-1 -> 14 | DN8: =DN19+$DR$4-1 -> 16 | DO8: =DO19+$DR$4-1 -> 12 | DP8: =DP19+$DR$4-1 -> 18 | DQ8: =DQ19+$DR$4-1 -> 20 | DR8: =SUM(DI8:DQ8) -> 138
A9: 5 | B9: BC EMAX Unterföhring 2 | C9: 9 | D9: 8 | E9: 3 | F9: 1 | G9: 7 | H9: 2 | I9: 6 | J9: 10 | K9: 4 | L9: =SUM(C9:K9) -> 50 | M9: =M20+$V$4-1 -> 11 | N9: =N20+$V$4-1 -> 9 | O9: =O20+$V$4-1 -> 5 | P9: =P20+$V$4-1 -> 12 | Q9: =Q20+$V$4-1 -> 8 | R9: =R20+$V$4-1 -> 3 | S9: =S20+$V$4-1 -> 10 | T9: =T20+$V$4-1 -> 6 | U9: =U20+$V$4-1 -> 7 | V9: =SUM(M9:U9) -> 71 | W9: 4 | X9: 10 | Y9: 6 | Z9: 2 | AA9: 7 | AB9: 1 | AC9: 3 | AD9: 8 | AE9: 9 | AF9: =SUM(W9:AE9) -> 50 | AG9: =AG20+$AP$4-1 -> 13 | AH9: =AH20+$AP$4-1 -> 18 | AI9: =AI20+$AP$4-1 -> 20 | AJ9: =AJ20+$AP$4-1 -> 15 | AK9: =AK20+$AP$4-1 -> 12 | AL9: =AL20+$AP$4-1 -> 16 | AM9: =AM20+$AP$4-1 -> 19 | AN9: =AN20+$AP$4-1 -> 21 | AO9: =AO20+$AP$4-1 -> 17 | AP9: =SUM(AG9:AO9) -> 151 | AQ9: 1 | AR9: 4 | AS9: 6 | AT9: 9 | AU9: 10 | AV9: 8 | AW9: 3 | AX9: 2 | AY9: 7 | AZ9: =SUM(AQ9:AY9) -> 50 | BA9: =BA20+$BJ$4-1 -> 11 | BB9: =BB20+$BJ$4-1 -> 14 | BC9: =BC20+$BJ$4-1 -> 17 | BD9: =BD20+$BJ$4-1 -> 20 | BE9: =BE20+$BJ$4-1 -> 12 | BF9: =BF20+$BJ$4-1 -> 16 | BG9: =BG20+$BJ$4-1 -> 13 | BH9: =BH20+$BJ$4-1 -> 18 | BI9: =BI20+$BJ$4-1 -> 15 | BJ9: =SUM(BA9:BI9) -> 136 | BK9: 7 | BL9: 2 | BM9: 3 | BN9: 8 | BO9: 10 | BP9: 9 | BQ9: 6 | BR9: 4 | BS9: 1 | BT9: =SUM(BK9:BS9) -> 50 | BU9: =BU20+$CD$4-1 -> 12 | BV9: =BV20+$CD$4-1 -> 19 | BW9: =BW20+$CD$4-1 -> 18 | BX9: =BX20+$CD$4-1 -> 11 | BY9: =BY20+$CD$4-1 -> 13 | BZ9: =BZ20+$CD$4-1 -> 15 | CA9: =CA20+$CD$4-1 -> 20 | CB9: =CB20+$CD$4-1 -> 17 | CC9: =CC20+$CD$4-1 -> 14 | CD9: =SUM(BU9:CC9) -> 139 | CE9: 6 | CF9: 10 | CG9: 4 | CH9: 3 | CI9: 9 | CJ9: 8 | CK9: 1 | CL9: 7 | CM9: 2 | CN9: =SUM(CE9:CM9) -> 50 | CO9: =CO20+$CX$4-1 -> 17 | CP9: =CP20+$CX$4-1 -> 11 | CQ9: =CQ20+$CX$4-1 -> 20 | CR9: =CR20+$CX$4-1 -> 16 | CS9: =CS20+$CX$4-1 -> 14 | CT9: =CT20+$CX$4-1 -> 19 | CU9: =CU20+$CX$4-1 -> 18 | CV9: =CV20+$CX$4-1 -> 13 | CW9: =CW20+$CX$4-1 -> 15 | CX9: =SUM(CO9:CW9) -> 143 | CY9: 2 | CZ9: 7 | DA9: 1 | DB9: 8 | DC9: 9 | DD9: 3 | DE9: 4 | DF9: 10 | DG9: 6 | DH9: =SUM(CY9:DG9) -> 50 | DI9: =DI20+$DR$4-1 -> 20 | DJ9: =DJ20+$DR$4-1 -> 18 | DK9: =DK20+$DR$4-1 -> 15 | DL9: =DL20+$DR$4-1 -> 12 | DM9: =DM20+$DR$4-1 -> 17 | DN9: =DN20+$DR$4-1 -> 19 | DO9: =DO20+$DR$4-1 -> 11 | DP9: =DP20+$DR$4-1 -> 14 | DQ9: =DQ20+$DR$4-1 -> 16 | DR9: =SUM(DI9:DQ9) -> 142
A10: 6 | B10: Bajuwaren München 1 | C10: 2 | D10: 7 | E10: 1 | F10: 8 | G10: 4 | H10: 3 | I10: 5 | J10: 9 | K10: 10 | L10: =SUM(C10:K10) -> 49 | M10: =M21+$V$4-1 -> 4 | N10: =N21+$V$4-1 -> 7 | O10: =O21+$V$4-1 -> 10 | P10: =P21+$V$4-1 -> 3 | Q10: =Q21+$V$4-1 -> 6 | R10: =R21+$V$4-1 -> 11 | S10: =S21+$V$4-1 -> 9 | T10: =T21+$V$4-1 -> 8 | U10: =U21+$V$4-1 -> 12 | V10: =SUM(M10:U10) -> 70 | W10: 10 | X10: 9 | Y10: 5 | Z10: 3 | AA10: 4 | AB10: 8 | AC10: 1 | AD10: 7 | AE10: 2 | AF10: =SUM(W10:AE10) -> 49 | AG10: =AG21+$AP$4-1 -> 16 | AH10: =AH21+$AP$4-1 -> 12 | AI10: =AI21+$AP$4-1 -> 21 | AJ10: =AJ21+$AP$4-1 -> 17 | AK10: =AK21+$AP$4-1 -> 18 | AL10: =AL21+$AP$4-1 -> 15 | AM10: =AM21+$AP$4-1 -> 20 | AN10: =AN21+$AP$4-1 -> 13 | AO10: =AO21+$AP$4-1 -> 14 | AP10: =SUM(AG10:AO10) -> 146 | AQ10: 4 | AR10: 7 | AS10: 5 | AT10: 3 | AU10: 1 | AV10: 2 | AW10: 8 | AX10: 10 | AY10: 9 | AZ10: =SUM(AQ10:AY10) -> 49 | BA10: =BA21+$BJ$4-1 -> 16 | BB10: =BB21+$BJ$4-1 -> 12 | BC10: =BC21+$BJ$4-1 -> 18 | BD10: =BD21+$BJ$4-1 -> 15 | BE10: =BE21+$BJ$4-1 -> 13 | BF10: =BF21+$BJ$4-1 -> 20 | BG10: =BG21+$BJ$4-1 -> 17 | BH10: =BH21+$BJ$4-1 -> 11 | BI10: =BI21+$BJ$4-1 -> 19 | BJ10: =SUM(BA10:BI10) -> 141 | BK10: 9 | BL10: 10 | BM10: 8 | BN10: 2 | BO10: 1 | BP10: 3 | BQ10: 5 | BR10: 7 | BS10: 4 | BT10: =SUM(BK10:BS10) -> 49 | BU10: =BU21+$CD$4-1 -> 16 | BV10: =BV21+$CD$4-1 -> 14 | BW10: =BW21+$CD$4-1 -> 20 | BX10: =BX21+$CD$4-1 -> 15 | BY10: =BY21+$CD$4-1 -> 18 | BZ10: =BZ21+$CD$4-1 -> 12 | CA10: =CA21+$CD$4-1 -> 19 | CB10: =CB21+$CD$4-1 -> 13 | CC10: =CC21+$CD$4-1 -> 11 | CD10: =SUM(BU10:CC10) -> 138 | CE10: 5 | CF10: 1 | CG10: 7 | CH10: 8 | CI10: 2 | CJ10: 9 | CK10: 4 | CL10: 10 | CM10: 3 | CN10: =SUM(CE10:CM10) -> 49 | CO10: =CO21+$CX$4-1 -> 18 | CP10: =CP21+$CX$4-1 -> 15 | CQ10: =CQ21+$CX$4-1 -> 14 | CR10: =CR21+$CX$4-1 -> 12 | CS10: =CS21+$CX$4-1 -> 16 | CT10: =CT21+$CX$4-1 -> 11 | CU10: =CU21+$CX$4-1 -> 19 | CV10: =CV21+$CX$4-1 -> 17 | CW10: =CW21+$CX$4-1 -> 13 | CX10: =SUM(CO10:CW10) -> 135 | CY10: 3 | CZ10: 10 | DA10: 4 | DB10: 9 | DC10: 2 | DD10: 8 | DE10: 7 | DF10: 1 | DG10: 5 | DH10: =SUM(CY10:DG10) -> 49 | DI10: =DI21+$DR$4-1 -> 18 | DJ10: =DJ21+$DR$4-1 -> 16 | DK10: =DK21+$DR$4-1 -> 12 | DL10: =DL21+$DR$4-1 -> 14 | DM10: =DM21+$DR$4-1 -> 19 | DN10: =DN21+$DR$4-1 -> 13 | DO10: =DO21+$DR$4-1 -> 17 | DP10: =DP21+$DR$4-1 -> 20 | DQ10: =DQ21+$DR$4-1 -> 15 | DR10: =SUM(DI10:DQ10) -> 144
A11: 7 | B11: Bowlinghaus Bamberg 1 | C11: 4 | D11: 6 | E11: 10 | F11: 2 | G11: 5 | H11: 1 | I11: 9 | J11: 8 | K11: 3 | L11: =SUM(C11:K11) -> 48 | M11: =M22+$V$4-1 -> 10 | N11: =N22+$V$4-1 -> 8 | O11: =O22+$V$4-1 -> 11 | P11: =P22+$V$4-1 -> 5 | Q11: =Q22+$V$4-1 -> 7 | R11: =R22+$V$4-1 -> 6 | S11: =S22+$V$4-1 -> 4 | T11: =T22+$V$4-1 -> 12 | U11: =U22+$V$4-1 -> 9 | V11: =SUM(M11:U11) -> 72 | W11: 3 | X11: 8 | Y11: 9 | Z11: 1 | AA11: 5 | AB11: 2 | AC11: 10 | AD11: 6 | AE11: 4 | AF11: =SUM(W11:AE11) -> 48 | AG11: =AG22+$AP$4-1 -> 21 | AH11: =AH22+$AP$4-1 -> 16 | AI11: =AI22+$AP$4-1 -> 14 | AJ11: =AJ22+$AP$4-1 -> 18 | AK11: =AK22+$AP$4-1 -> 13 | AL11: =AL22+$AP$4-1 -> 19 | AM11: =AM22+$AP$4-1 -> 17 | AN11: =AN22+$AP$4-1 -> 12 | AO11: =AO22+$AP$4-1 -> 20 | AP11: =SUM(AG11:AO11) -> 150 | AQ11: 9 | AR11: 6 | AS11: 10 | AT11: 4 | AU11: 2 | AV11: 3 | AW11: 1 | AX11: 8 | AY11: 5 | AZ11: =SUM(AQ11:AY11) -> 48 | BA11: =BA22+$BJ$4-1 -> 13 | BB11: =BB22+$BJ$4-1 -> 11 | BC11: =BC22+$BJ$4-1 -> 20 | BD11: =BD22+$BJ$4-1 -> 18 | BE11: =BE22+$BJ$4-1 -> 15 | BF11: =BF22+$BJ$4-1 -> 12 | BG11: =BG22+$BJ$4-1 -> 19 | BH11: =BH22+$BJ$4-1 -> 14 | BI11: =BI22+$BJ$4-1 -> 16 | BJ11: =SUM(BA11:BI11) -> 138 | BK11: 5 | BL11: 8 | BM11: 1 | BN11: 3 | BO11: 2 | BP11: 4 | BQ11: 10 | BR11: 6 | BS11: 9 | BT11: =SUM(BK11:BS11) -> 48 | BU11: =BU22+$CD$4-1 -> 11 | BV11: =BV22+$CD$4-1 -> 17 | BW11: =BW22+$CD$4-1 -> 16 | BX11: =BX22+$CD$4-1 -> 13 | BY11: =BY22+$CD$4-1 -> 12 | BZ11: =BZ22+$CD$4-1 -> 19 | CA11: =CA22+$CD$4-1 -> 15 | CB11: =CB22+$CD$4-1 -> 14 | CC11: =CC22+$CD$4-1 -> 18 | CD11: =SUM(BU11:CC11) -> 135 | CE11: 8 | CF11: 3 | CG11: 6 | CH11: 4 | CI11: 10 | CJ11: 2 | CK11: 9 | CL11: 5 | CM11: 1 | CN11: =SUM(CE11:CM11) -> 48 | CO11: =CO22+$CX$4-1 -> 11 | CP11: =CP22+$CX$4-1 -> 19 | CQ11: =CQ22+$CX$4-1 -> 13 | CR11: =CR22+$CX$4-1 -> 18 | CS11: =CS22+$CX$4-1 -> 20 | CT11: =CT22+$CX$4-1 -> 17 | CU11: =CU22+$CX$4-1 -> 16 | CV11: =CV22+$CX$4-1 -> 14 | CW11: =CW22+$CX$4-1 -> 12 | CX11: =SUM(CO11:CW11) -> 140 | CY11: 1 | CZ11: 5 | DA11: 9 | DB11: 2 | DC11: 10 | DD11: 4 | DE11: 6 | DF11: 3 | DG11: 8 | DH11: =SUM(CY11:DG11) -> 48 | DI11: =DI22+$DR$4-1 -> 13 | DJ11: =DJ22+$DR$4-1 -> 17 | DK11: =DK22+$DR$4-1 -> 19 | DL11: =DL22+$DR$4-1 -> 16 | DM11: =DM22+$DR$4-1 -> 11 | DN11: =DN22+$DR$4-1 -> 15 | DO11: =DO22+$DR$4-1 -> 18 | DP11: =DP22+$DR$4-1 -> 12 | DQ11: =DQ22+$DR$4-1 -> 14 | DR11: =SUM(DI11:DQ11) -> 135
A12: 8 | B12: Schanzer Ingolstadt 1 | C12: 10 | D12: 5 | E12: 2 | F12: 6 | G12: 9 | H12: 4 | I12: 3 | J12: 7 | K12: 1 | L12: =SUM(C12:K12) -> 47 | M12: =M23+$V$4-1 -> 5 | N12: =N23+$V$4-1 -> 10 | O12: =O23+$V$4-1 -> 7 | P12: =P23+$V$4-1 -> 4 | Q12: =Q23+$V$4-1 -> 12 | R12: =R23+$V$4-1 -> 8 | S12: =S23+$V$4-1 -> 6 | T12: =T23+$V$4-1 -> 11 | U12: =U23+$V$4-1 -> 3 | V12: =SUM(M12:U12) -> 66 | W12: 1 | X12: 7 | Y12: 3 | Z12: 4 | AA12: 9 | AB12: 6 | AC12: 2 | AD12: 5 | AE12: 10 | AF12: =SUM(W12:AE12) -> 47 | AG12: =AG23+$AP$4-1 -> 15 | AH12: =AH23+$AP$4-1 -> 17 | AI12: =AI23+$AP$4-1 -> 18 | AJ12: =AJ23+$AP$4-1 -> 12 | AK12: =AK23+$AP$4-1 -> 16 | AL12: =AL23+$AP$4-1 -> 14 | AM12: =AM23+$AP$4-1 -> 13 | AN12: =AN23+$AP$4-1 -> 20 | AO12: =AO23+$AP$4-1 -> 19 | AP12: =SUM(AG12:AO12) -> 144 | AQ12: 2 | AR12: 9 | AS12: 1 | AT12: 10 | AU12: 4 | AV12: 5 | AW12: 6 | AX12: 7 | AY12: 3 | AZ12: =SUM(AQ12:AY12) -> 47 | BA12: =BA23+$BJ$4-1 -> 19 | BB12: =BB23+$BJ$4-1 -> 17 | BC12: =BC23+$BJ$4-1 -> 16 | BD12: =BD23+$BJ$4-1 -> 14 | BE12: =BE23+$BJ$4-1 -> 20 | BF12: =BF23+$BJ$4-1 -> 15 | BG12: =BG23+$BJ$4-1 -> 18 | BH12: =BH23+$BJ$4-1 -> 13 | BI12: =BI23+$BJ$4-1 -> 11 | BJ12: =SUM(BA12:BI12) -> 143 | BK12: 3 | BL12: 7 | BM12: 6 | BN12: 5 | BO12: 4 | BP12: 10 | BQ12: 1 | BR12: 9 | BS12: 2 | BT12: =SUM(BK12:BS12) -> 47 | BU12: =BU23+$CD$4-1 -> 14 | BV12: =BV23+$CD$4-1 -> 18 | BW12: =BW23+$CD$4-1 -> 19 | BX12: =BX23+$CD$4-1 -> 12 | BY12: =BY23+$CD$4-1 -> 15 | BZ12: =BZ23+$CD$4-1 -> 17 | CA12: =CA23+$CD$4-1 -> 11 | CB12: =CB23+$CD$4-1 -> 20 | CC12: =CC23+$CD$4-1 -> 16 | CD12: =SUM(BU12:CC12) -> 142 | CE12: 7 | CF12: 4 | CG12: 9 | CH12: 6 | CI12: 3 | CJ12: 5 | CK12: 2 | CL12: 1 | CM12: 10 | CN12: =SUM(CE12:CM12) -> 47 | CO12: =CO23+$CX$4-1 -> 12 | CP12: =CP23+$CX$4-1 -> 14 | CQ12: =CQ23+$CX$4-1 -> 15 | CR12: =CR23+$CX$4-1 -> 11 | CS12: =CS23+$CX$4-1 -> 18 | CT12: =CT23+$CX$4-1 -> 20 | CU12: =CU23+$CX$4-1 -> 13 | CV12: =CV23+$CX$4-1 -> 16 | CW12: =CW23+$CX$4-1 -> 19 | CX12: =SUM(CO12:CW12) -> 138 | CY12: 10 | CZ12: 1 | DA12: 2 | DB12: 5 | DC12: 3 | DD12: 6 | DE12: 9 | DF12: 4 | DG12: 7 | DH12: =SUM(CY12:DG12) -> 47 | DI12: =DI23+$DR$4-1 -> 12 | DJ12: =DJ23+$DR$4-1 -> 19 | DK12: =DK23+$DR$4-1 -> 18 | DL12: =DL23+$DR$4-1 -> 11 | DM12: =DM23+$DR$4-1 -> 15 | DN12: =DN23+$DR$4-1 -> 14 | DO12: =DO23+$DR$4-1 -> 20 | DP12: =DP23+$DR$4-1 -> 17 | DQ12: =DQ23+$DR$4-1 -> 13 | DR12: =SUM(DI12:DQ12) -> 139
A13: 9 | B13: Werdenfels 1 | C13: 5 | D13: 1 | E13: 4 | F13: 3 | G13: 8 | H13: 10 | I13: 7 | J13: 6 | K13: 2 | L13: =SUM(C13:K13) -> 46 | M13: =M24+$V$4-1 -> 12 | N13: =N24+$V$4-1 -> 5 | O13: =O24+$V$4-1 -> 4 | P13: =P24+$V$4-1 -> 8 | Q13: =Q24+$V$4-1 -> 11 | R13: =R24+$V$4-1 -> 9 | S13: =S24+$V$4-1 -> 3 | T13: =T24+$V$4-1 -> 7 | U13: =U24+$V$4-1 -> 6 | V13: =SUM(M13:U13) -> 65 | W13: 2 | X13: 6 | Y13: 7 | Z13: 10 | AA13: 8 | AB13: 3 | AC13: 4 | AD13: 1 | AE13: 5 | AF13: =SUM(W13:AE13) -> 46 | AG13: =AG24+$AP$4-1 -> 18 | AH13: =AH24+$AP$4-1 -> 13 | AI13: =AI24+$AP$4-1 -> 15 | AJ13: =AJ24+$AP$4-1 -> 21 | AK13: =AK24+$AP$4-1 -> 17 | AL13: =AL24+$AP$4-1 -> 12 | AM13: =AM24+$AP$4-1 -> 14 | AN13: =AN24+$AP$4-1 -> 19 | AO13: =AO24+$AP$4-1 -> 16 | AP13: =SUM(AG13:AO13) -> 145 | AQ13: 7 | AR13: 8 | AS13: 4 | AT13: 5 | AU13: 3 | AV13: 10 | AW13: 2 | AX13: 1 | AY13: 6 | AZ13: =SUM(AQ13:AY13) -> 46 | BA13: =BA24+$BJ$4-1 -> 14 | BB13: =BB24+$BJ$4-1 -> 18 | BC13: =BC24+$BJ$4-1 -> 11 | BD13: =BD24+$BJ$4-1 -> 19 | BE13: =BE24+$BJ$4-1 -> 17 | BF13: =BF24+$BJ$4-1 -> 13 | BG13: =BG24+$BJ$4-1 -> 12 | BH13: =BH24+$BJ$4-1 -> 15 | BI13: =BI24+$BJ$4-1 -> 20 | BJ13: =SUM(BA13:BI13) -> 139 | BK13: 6 | BL13: 1 | BM13: 2 | BN13: 10 | BO13: 3 | BP13: 5 | BQ13: 4 | BR13: 8 | BS13: 7 | BT13: =SUM(BK13:BS13) -> 46 | BU13: =BU24+$CD$4-1 -> 15 | BV13: =BV24+$CD$4-1 -> 12 | BW13: =BW24+$CD$4-1 -> 13 | BX13: =BX24+$CD$4-1 -> 18 | BY13: =BY24+$CD$4-1 -> 20 | BZ13: =BZ24+$CD$4-1 -> 16 | CA13: =CA24+$CD$4-1 -> 14 | CB13: =CB24+$CD$4-1 -> 19 | CC13: =CC24+$CD$4-1 -> 17 | CD13: =SUM(BU13:CC13) -> 144 | CE13: 10 | CF13: 2 | CG13: 8 | CH13: 1 | CI13: 5 | CJ13: 6 | CK13: 7 | CL13: 3 | CM13: 4 | CN13: =SUM(CE13:CM13) -> 46 | CO13: =CO24+$CX$4-1 -> 14 | CP13: =CP24+$CX$4-1 -> 18 | CQ13: =CQ24+$CX$4-1 -> 16 | CR13: =CR24+$CX$4-1 -> 19 | CS13: =CS24+$CX$4-1 -> 13 | CT13: =CT24+$CX$4-1 -> 12 | CU13: =CU24+$CX$4-1 -> 15 | CV13: =CV24+$CX$4-1 -> 20 | CW13: =CW24+$CX$4-1 -> 17 | CX13: =SUM(CO13:CW13) -> 144 | CY13: 4 | CZ13: 3 | DA13: 7 | DB13: 6 | DC13: 5 | DD13: 1 | DE13: 8 | DF13: 2 | DG13: 10 | DH13: =SUM(CY13:DG13) -> 46 | DI13: =DI24+$DR$4-1 -> 16 | DJ13: =DJ24+$DR$4-1 -> 11 | DK13: =DK24+$DR$4-1 -> 20 | DL13: =DL24+$DR$4-1 -> 13 | DM13: =DM24+$DR$4-1 -> 18 | DN13: =DN24+$DR$4-1 -> 12 | DO13: =DO24+$DR$4-1 -> 19 | DP13: =DP24+$DR$4-1 -> 15 | DQ13: =DQ24+$DR$4-1 -> 17 | DR13: =SUM(DI13:DQ13) -> 141
A14: 10 | B14: Donaubowler Regensburg 1 | C14: 8 | D14: 3 | E14: 7 | F14: 4 | G14: 1 | H14: 9 | I14: 2 | J14: 5 | K14: 6 | L14: =SUM(C14:K14) -> 45 | M14: =M25+$V$4-1 -> 6 | N14: =N25+$V$4-1 -> 3 | O14: =O25+$V$4-1 -> 12 | P14: =P25+$V$4-1 -> 9 | Q14: =Q25+$V$4-1 -> 4 | R14: =R25+$V$4-1 -> 10 | S14: =S25+$V$4-1 -> 8 | T14: =T25+$V$4-1 -> 5 | U14: =U25+$V$4-1 -> 11 | V14: =SUM(M14:U14) -> 68 | W14: 6 | X14: 5 | Y14: 2 | Z14: 9 | AA14: 1 | AB14: 4 | AC14: 7 | AD14: 3 | AE14: 8 | AF14: =SUM(W14:AE14) -> 45 | AG14: =AG25+$AP$4-1 -> 17 | AH14: =AH25+$AP$4-1 -> 19 | AI14: =AI25+$AP$4-1 -> 12 | AJ14: =AJ25+$AP$4-1 -> 20 | AK14: =AK25+$AP$4-1 -> 14 | AL14: =AL25+$AP$4-1 -> 21 | AM14: =AM25+$AP$4-1 -> 16 | AN14: =AN25+$AP$4-1 -> 15 | AO14: =AO25+$AP$4-1 -> 18 | AP14: =SUM(AG14:AO14) -> 152 | AQ14: 3 | AR14: 2 | AS14: 7 | AT14: 8 | AU14: 5 | AV14: 9 | AW14: 4 | AX14: 6 | AY14: 1 | AZ14: =SUM(AQ14:AY14) -> 45 | BA14: =BA25+$BJ$4-1 -> 18 | BB14: =BB25+$BJ$4-1 -> 16 | BC14: =BC25+$BJ$4-1 -> 19 | BD14: =BD25+$BJ$4-1 -> 13 | BE14: =BE25+$BJ$4-1 -> 11 | BF14: =BF25+$BJ$4-1 -> 14 | BG14: =BG25+$BJ$4-1 -> 15 | BH14: =BH25+$BJ$4-1 -> 12 | BI14: =BI25+$BJ$4-1 -> 17 | BJ14: =SUM(BA14:BI14) -> 135 | BK14: 1 | BL14: 6 | BM14: 4 | BN14: 9 | BO14: 5 | BP14: 8 | BQ14: 7 | BR14: 2 | BS14: 3 | BT14: =SUM(BK14:BS14) -> 45 | BU14: =BU25+$CD$4-1 -> 20 | BV14: =BV25+$CD$4-1 -> 13 | BW14: =BW25+$CD$4-1 -> 12 | BX14: =BX25+$CD$4-1 -> 17 | BY14: =BY25+$CD$4-1 -> 14 | BZ14: =BZ25+$CD$4-1 -> 18 | CA14: =CA25+$CD$4-1 -> 16 | CB14: =CB25+$CD$4-1 -> 11 | CC14: =CC25+$CD$4-1 -> 19 | CD14: =SUM(BU14:CC14) -> 140 | CE14: 9 | CF14: 5 | CG14: 1 | CH14: 2 | CI14: 7 | CJ14: 4 | CK14: 3 | CL14: 6 | CM14: 8 | CN14: =SUM(CE14:CM14) -> 45 | CO14: =CO25+$CX$4-1 -> 13 | CP14: =CP25+$CX$4-1 -> 12 | CQ14: =CQ25+$CX$4-1 -> 17 | CR14: =CR25+$CX$4-1 -> 14 | CS14: =CS25+$CX$4-1 -> 19 | CT14: =CT25+$CX$4-1 -> 15 | CU14: =CU25+$CX$4-1 -> 11 | CV14: =CV25+$CX$4-1 -> 18 | CW14: =CW25+$CX$4-1 -> 20 | CX14: =SUM(CO14:CW14) -> 139 | CY14: 8 | CZ14: 6 | DA14: 3 | DB14: 4 | DC14: 7 | DD14: 2 | DE14: 1 | DF14: 5 | DG14: 9 | DH14: =SUM(CY14:DG14) -> 45 | DI14: =DI25+$DR$4-1 -> 11 | DJ14: =DJ25+$DR$4-1 -> 15 | DK14: =DK25+$DR$4-1 -> 14 | DL14: =DL25+$DR$4-1 -> 20 | DM14: =DM25+$DR$4-1 -> 12 | DN14: =DN25+$DR$4-1 -> 17 | DO14: =DO25+$DR$4-1 -> 16 | DP14: =DP25+$DR$4-1 -> 13 | DQ14: =DQ25+$DR$4-1 -> 18 | DR14: =SUM(DI14:DQ14) -> 136
C15: =SUM(C5:C14) -> 55 | D15: =SUM(D5:D14) -> 55 | E15: =SUM(E5:E14) -> 55 | F15: =SUM(F5:F14) -> 55 | G15: =SUM(G5:G14) -> 55 | H15: =SUM(H5:H14) -> 55 | I15: =SUM(I5:I14) -> 55 | J15: =SUM(J5:J14) -> 55 | K15: =SUM(K5:K14) -> 55 | M15: =SUM(M5:M14) -> 75 | N15: =SUM(N5:N14) -> 75 | O15: =SUM(O5:O14) -> 75 | P15: =SUM(P5:P14) -> 75 | Q15: =SUM(Q5:Q14) -> 75 | R15: =SUM(R5:R14) -> 75 | S15: =SUM(S5:S14) -> 75 | T15: =SUM(T5:T14) -> 75 | U15: =SUM(U5:U14) -> 75 | W15: =SUM(W5:W14) -> 55 | X15: =SUM(X5:X14) -> 55 | Y15: =SUM(Y5:Y14) -> 55 | Z15: =SUM(Z5:Z14) -> 55 | AA15: =SUM(AA5:AA14) -> 55 | AB15: =SUM(AB5:AB14) -> 55 | AC15: =SUM(AC5:AC14) -> 55 | AD15: =SUM(AD5:AD14) -> 55 | AE15: =SUM(AE5:AE14) -> 55 | AG15: =SUM(AG5:AG14) -> 165 | AH15: =SUM(AH5:AH14) -> 165 | AI15: =SUM(AI5:AI14) -> 165 | AJ15: =SUM(AJ5:AJ14) -> 165 | AK15: =SUM(AK5:AK14) -> 165 | AL15: =SUM(AL5:AL14) -> 165 | AM15: =SUM(AM5:AM14) -> 165 | AN15: =SUM(AN5:AN14) -> 165 | AO15: =SUM(AO5:AO14) -> 165 | AQ15: =SUM(AQ5:AQ14) -> 55 | AR15: =SUM(AR5:AR14) -> 55 | AS15: =SUM(AS5:AS14) -> 55 | AT15: =SUM(AT5:AT14) -> 55 | AU15: =SUM(AU5:AU14) -> 55 | AV15: =SUM(AV5:AV14) -> 55 | AW15: =SUM(AW5:AW14) -> 55 | AX15: =SUM(AX5:AX14) -> 55 | AY15: =SUM(AY5:AY14) -> 55 | BA15: =SUM(BA5:BA14) -> 155 | BB15: =SUM(BB5:BB14) -> 155 | BC15: =SUM(BC5:BC14) -> 155 | BD15: =SUM(BD5:BD14) -> 155 | BE15: =SUM(BE5:BE14) -> 155 | BF15: =SUM(BF5:BF14) -> 155 | BG15: =SUM(BG5:BG14) -> 155 | BH15: =SUM(BH5:BH14) -> 155 | BI15: =SUM(BI5:BI14) -> 155 | BK15: =SUM(BK5:BK14) -> 55 | BL15: =SUM(BL5:BL14) -> 55 | BM15: =SUM(BM5:BM14) -> 55 | BN15: =SUM(BN5:BN14) -> 55 | BO15: =SUM(BO5:BO14) -> 55 | BP15: =SUM(BP5:BP14) -> 55 | BQ15: =SUM(BQ5:BQ14) -> 55 | BR15: =SUM(BR5:BR14) -> 55 | BS15: =SUM(BS5:BS14) -> 55 | BU15: =SUM(BU5:BU14) -> 155 | BV15: =SUM(BV5:BV14) -> 155 | BW15: =SUM(BW5:BW14) -> 155 | BX15: =SUM(BX5:BX14) -> 155 | BY15: =SUM(BY5:BY14) -> 155 | BZ15: =SUM(BZ5:BZ14) -> 155 | CA15: =SUM(CA5:CA14) -> 155 | CB15: =SUM(CB5:CB14) -> 155 | CC15: =SUM(CC5:CC14) -> 155 | CE15: =SUM(CE5:CE14) -> 55 | CF15: =SUM(CF5:CF14) -> 55 | CG15: =SUM(CG5:CG14) -> 55 | CH15: =SUM(CH5:CH14) -> 55 | CI15: =SUM(CI5:CI14) -> 55 | CJ15: =SUM(CJ5:CJ14) -> 55 | CK15: =SUM(CK5:CK14) -> 55 | CL15: =SUM(CL5:CL14) -> 55 | CM15: =SUM(CM5:CM14) -> 55 | CO15: =SUM(CO5:CO14) -> 155 | CP15: =SUM(CP5:CP14) -> 155 | CQ15: =SUM(CQ5:CQ14) -> 155 | CR15: =SUM(CR5:CR14) -> 155 | CS15: =SUM(CS5:CS14) -> 155 | CT15: =SUM(CT5:CT14) -> 155 | CU15: =SUM(CU5:CU14) -> 155 | CV15: =SUM(CV5:CV14) -> 155 | CW15: =SUM(CW5:CW14) -> 155 | CY15: =SUM(CY5:CY14) -> 55 | CZ15: =SUM(CZ5:CZ14) -> 55 | DA15: =SUM(DA5:DA14) -> 55 | DB15: =SUM(DB5:DB14) -> 55 | DC15: =SUM(DC5:DC14) -> 55 | DD15: =SUM(DD5:DD14) -> 55 | DE15: =SUM(DE5:DE14) -> 55 | DF15: =SUM(DF5:DF14) -> 55 | DG15: =SUM(DG5:DG14) -> 55 | DI15: =SUM(DI5:DI14) -> 155 | DJ15: =SUM(DJ5:DJ14) -> 155 | DK15: =SUM(DK5:DK14) -> 155 | DL15: =SUM(DL5:DL14) -> 155 | DM15: =SUM(DM5:DM14) -> 155 | DN15: =SUM(DN5:DN14) -> 155 | DO15: =SUM(DO5:DO14) -> 155 | DP15: =SUM(DP5:DP14) -> 155 | DQ15: =SUM(DQ5:DQ14) -> 155
A16: 1 | B16: =+B5 -> BC Comet Nürnberg | M16: 5 | N16: 4 | O16: 7 | P16: 9 | Q16: 1 | R16: 3 | S16: 10 | T16: 8 | U16: 2 | V16: =SUM(M16:U16) -> 49 | AG16: 3 | AH16: 9 | AI16: 5 | AJ16: 8 | AK16: 4 | AL16: 6 | AM16: 10 | AN16: 7 | AO16: 2 | AP16: =SUM(AG16:AO16) -> 54 | BA16: 2 | BB16: 9 | BC16: 5 | BD16: 1 | BE16: 4 | BF16: 7 | BG16: 10 | BH16: 6 | BI16: 8 | BJ16: =SUM(BA16:BI16) -> 52 | BU16: 9 | BV16: 1 | BW16: 5 | BX16: 10 | BY16: 7 | BZ16: 4 | CA16: 2 | CB16: 6 | CC16: 3 | CD16: =SUM(BU16:CC16) -> 47 | CO16: 9 | CP16: 6 | CQ16: 8 | CR16: 10 | CS16: 2 | CT16: 4 | CU16: 7 | CV16: 5 | CW16: 1 | CX16: =SUM(CO16:CW16) -> 52 | DI16: 4 | DJ16: 10 | DK16: 6 | DL16: 7 | DM16: 3 | DN16: 1 | DO16: 5 | DP16: 9 | DQ16: 2 | DR16: =SUM(DI16:DQ16) -> 47
A17: 2 | B17: =+B6 -> BK München 3 | M17: 1 | N17: 9 | O17: 6 | P17: 4 | Q17: 8 | R17: 2 | S17: 5 | T17: 7 | U17: 3 | V17: =SUM(M17:U17) -> 45 | AG17: 8 | AH17: 10 | AI17: 2 | AJ17: 3 | AK17: 9 | AL17: 7 | AM17: 1 | AN17: 6 | AO17: 4 | AP17: =SUM(AG17:AO17) -> 50 | BA17: 10 | BB17: 5 | BC17: 4 | BD17: 2 | BE17: 6 | BF17: 9 | BG17: 1 | BH17: 7 | BI17: 3 | BJ17: =SUM(BA17:BI17) -> 47 | BU17: 8 | BV17: 10 | BW17: 4 | BX17: 6 | BY17: 1 | BZ17: 3 | CA17: 7 | CB17: 2 | CC17: 5 | CD17: =SUM(BU17:CC17) -> 46 | CO17: 10 | CP17: 7 | CQ17: 2 | CR17: 3 | CS17: 5 | CT17: 8 | CU17: 4 | CV17: 1 | CW17: 6 | CX17: =SUM(CO17:CW17) -> 46 | DI17: 9 | DJ17: 4 | DK17: 7 | DL17: 5 | DM17: 10 | DN17: 8 | DO17: 3 | DP17: 6 | DQ17: 1 | DR17: =SUM(DI17:DQ17) -> 53
A18: 3 | B18: =+B7 -> SG DJK Rimpar 1 | M18: 6 | N18: 2 | O18: 4 | P18: 5 | Q18: 7 | R18: 10 | S18: 3 | T18: 1 | U18: 8 | V18: =SUM(M18:U18) -> 46 | AG18: 9 | AH18: 4 | AI18: 8 | AJ18: 5 | AK18: 10 | AL18: 2 | AM18: 7 | AN18: 3 | AO18: 1 | AP18: =SUM(AG18:AO18) -> 49 | BA18: 7 | BB18: 10 | BC18: 3 | BD18: 6 | BE18: 8 | BF18: 1 | BG18: 4 | BH18: 9 | BI18: 2 | BJ18: =SUM(BA18:BI18) -> 50 | BU18: 3 | BV18: 6 | BW18: 7 | BX18: 4 | BY18: 9 | BZ18: 1 | CA18: 8 | CB18: 5 | CC18: 10 | CD18: =SUM(BU18:CC18) -> 53 | CO18: 6 | CP18: 10 | CQ18: 1 | CR18: 5 | CS18: 7 | CT18: 3 | CU18: 2 | CV18: 9 | CW18: 4 | CX18: =SUM(CO18:CW18) -> 47 | DI18: 7 | DJ18: 2 | DK18: 3 | DL18: 8 | DM18: 6 | DN18: 10 | DO18: 4 | DP18: 1 | DQ18: 9 | DR18: =SUM(DI18:DQ18) -> 50
A19: 4 | B19: =+B8 -> SG Rottendorf 1 | M19: 7 | N19: 10 | O19: 1 | P19: 8 | Q19: 3 | R19: 5 | S19: 9 | T19: 2 | U19: 6 | V19: =SUM(M19:U19) -> 51 | AG19: 1 | AH19: 3 | AI19: 6 | AJ19: 2 | AK19: 8 | AL19: 9 | AM19: 4 | AN19: 5 | AO19: 10 | AP19: =SUM(AG19:AO19) -> 48 | BA19: 5 | BB19: 3 | BC19: 2 | BD19: 7 | BE19: 9 | BF19: 8 | BG19: 6 | BH19: 10 | BI19: 4 | BJ19: =SUM(BA19:BI19) -> 54 | BU19: 7 | BV19: 5 | BW19: 1 | BX19: 9 | BY19: 6 | BZ19: 10 | CA19: 3 | CB19: 8 | CC19: 2 | CD19: =SUM(BU19:CC19) -> 51 | CO19: 5 | CP19: 3 | CQ19: 9 | CR19: 7 | CS19: 1 | CT19: 6 | CU19: 10 | CV19: 2 | CW19: 8 | CX19: =SUM(CO19:CW19) -> 51 | DI19: 5 | DJ19: 3 | DK19: 1 | DL19: 9 | DM19: 4 | DN19: 6 | DO19: 2 | DP19: 8 | DQ19: 10 | DR19: =SUM(DI19:DQ19) -> 48
A20: 5 | B20: =+B9 -> BC EMAX Unterföhring 2 | M20: 9 | N20: 7 | O20: 3 | P20: 10 | Q20: 6 | R20: 1 | S20: 8 | T20: 4 | U20: 5 | V20: =SUM(M20:U20) -> 53 | AG20: 2 | AH20: 7 | AI20: 9 | AJ20: 4 | AK20: 1 | AL20: 5 | AM20: 8 | AN20: 10 | AO20: 6 | AP20: =SUM(AG20:AO20) -> 52 | BA20: 1 | BB20: 4 | BC20: 7 | BD20: 10 | BE20: 2 | BF20: 6 | BG20: 3 | BH20: 8 | BI20: 5 | BJ20: =SUM(BA20:BI20) -> 46 | BU20: 2 | BV20: 9 | BW20: 8 | BX20: 1 | BY20: 3 | BZ20: 5 | CA20: 10 | CB20: 7 | CC20: 4 | CD20: =SUM(BU20:CC20) -> 49 | CO20: 7 | CP20: 1 | CQ20: 10 | CR20: 6 | CS20: 4 | CT20: 9 | CU20: 8 | CV20: 3 | CW20: 5 | CX20: =SUM(CO20:CW20) -> 53 | DI20: 10 | DJ20: 8 | DK20: 5 | DL20: 2 | DM20: 7 | DN20: 9 | DO20: 1 | DP20: 4 | DQ20: 6 | DR20: =SUM(DI20:DQ20) -> 52
A21: 6 | B21: =+B10 -> Bajuwaren München 1 | M21: 2 | N21: 5 | O21: 8 | P21: 1 | Q21: 4 | R21: 9 | S21: 7 | T21: 6 | U21: 10 | V21: =SUM(M21:U21) -> 52 | AG21: 5 | AH21: 1 | AI21: 10 | AJ21: 6 | AK21: 7 | AL21: 4 | AM21: 9 | AN21: 2 | AO21: 3 | AP21: =SUM(AG21:AO21) -> 47 | BA21: 6 | BB21: 2 | BC21: 8 | BD21: 5 | BE21: 3 | BF21: 10 | BG21: 7 | BH21: 1 | BI21: 9 | BJ21: =SUM(BA21:BI21) -> 51 | BU21: 6 | BV21: 4 | BW21: 10 | BX21: 5 | BY21: 8 | BZ21: 2 | CA21: 9 | CB21: 3 | CC21: 1 | CD21: =SUM(BU21:CC21) -> 48 | CO21: 8 | CP21: 5 | CQ21: 4 | CR21: 2 | CS21: 6 | CT21: 1 | CU21: 9 | CV21: 7 | CW21: 3 | CX21: =SUM(CO21:CW21) -> 45 | DI21: 8 | DJ21: 6 | DK21: 2 | DL21: 4 | DM21: 9 | DN21: 3 | DO21: 7 | DP21: 10 | DQ21: 5 | DR21: =SUM(DI21:DQ21) -> 54
A22: 7 | B22: =+B11 -> Bowlinghaus Bamberg 1 | M22: 8 | N22: 6 | O22: 9 | P22: 3 | Q22: 5 | R22: 4 | S22: 2 | T22: 10 | U22: 7 | V22: =SUM(M22:U22) -> 54 | AG22: 10 | AH22: 5 | AI22: 3 | AJ22: 7 | AK22: 2 | AL22: 8 | AM22: 6 | AN22: 1 | AO22: 9 | AP22: =SUM(AG22:AO22) -> 51 | BA22: 3 | BB22: 1 | BC22: 10 | BD22: 8 | BE22: 5 | BF22: 2 | BG22: 9 | BH22: 4 | BI22: 6 | BJ22: =SUM(BA22:BI22) -> 48 | BU22: 1 | BV22: 7 | BW22: 6 | BX22: 3 | BY22: 2 | BZ22: 9 | CA22: 5 | CB22: 4 | CC22: 8 | CD22: =SUM(BU22:CC22) -> 45 | CO22: 1 | CP22: 9 | CQ22: 3 | CR22: 8 | CS22: 10 | CT22: 7 | CU22: 6 | CV22: 4 | CW22: 2 | CX22: =SUM(CO22:CW22) -> 50 | DI22: 3 | DJ22: 7 | DK22: 9 | DL22: 6 | DM22: 1 | DN22: 5 | DO22: 8 | DP22: 2 | DQ22: 4 | DR22: =SUM(DI22:DQ22) -> 45
A23: 8 | B23: =+B12 -> Schanzer Ingolstadt 1 | M23: 3 | N23: 8 | O23: 5 | P23: 2 | Q23: 10 | R23: 6 | S23: 4 | T23: 9 | U23: 1 | V23: =SUM(M23:U23) -> 48 | AG23: 4 | AH23: 6 | AI23: 7 | AJ23: 1 | AK23: 5 | AL23: 3 | AM23: 2 | AN23: 9 | AO23: 8 | AP23: =SUM(AG23:AO23) -> 45 | BA23: 9 | BB23: 7 | BC23: 6 | BD23: 4 | BE23: 10 | BF23: 5 | BG23: 8 | BH23: 3 | BI23: 1 | BJ23: =SUM(BA23:BI23) -> 53 | BU23: 4 | BV23: 8 | BW23: 9 | BX23: 2 | BY23: 5 | BZ23: 7 | CA23: 1 | CB23: 10 | CC23: 6 | CD23: =SUM(BU23:CC23) -> 52 | CO23: 2 | CP23: 4 | CQ23: 5 | CR23: 1 | CS23: 8 | CT23: 10 | CU23: 3 | CV23: 6 | CW23: 9 | CX23: =SUM(CO23:CW23) -> 48 | DI23: 2 | DJ23: 9 | DK23: 8 | DL23: 1 | DM23: 5 | DN23: 4 | DO23: 10 | DP23: 7 | DQ23: 3 | DR23: =SUM(DI23:DQ23) -> 49
A24: 9 | B24: =+B13 -> Werdenfels 1 | M24: 10 | N24: 3 | O24: 2 | P24: 6 | Q24: 9 | R24: 7 | S24: 1 | T24: 5 | U24: 4 | V24: =SUM(M24:U24) -> 47 | AG24: 7 | AH24: 2 | AI24: 4 | AJ24: 10 | AK24: 6 | AL24: 1 | AM24: 3 | AN24: 8 | AO24: 5 | AP24: =SUM(AG24:AO24) -> 46 | BA24: 4 | BB24: 8 | BC24: 1 | BD24: 9 | BE24: 7 | BF24: 3 | BG24: 2 | BH24: 5 | BI24: 10 | BJ24: =SUM(BA24:BI24) -> 49 | BU24: 5 | BV24: 2 | BW24: 3 | BX24: 8 | BY24: 10 | BZ24: 6 | CA24: 4 | CB24: 9 | CC24: 7 | CD24: =SUM(BU24:CC24) -> 54 | CO24: 4 | CP24: 8 | CQ24: 6 | CR24: 9 | CS24: 3 | CT24: 2 | CU24: 5 | CV24: 10 | CW24: 7 | CX24: =SUM(CO24:CW24) -> 54 | DI24: 6 | DJ24: 1 | DK24: 10 | DL24: 3 | DM24: 8 | DN24: 2 | DO24: 9 | DP24: 5 | DQ24: 7 | DR24: =SUM(DI24:DQ24) -> 51
A25: 10 | B25: =+B14 -> Donaubowler Regensburg 1 | M25: 4 | N25: 1 | O25: 10 | P25: 7 | Q25: 2 | R25: 8 | S25: 6 | T25: 3 | U25: 9 | V25: =SUM(M25:U25) -> 50 | AG25: 6 | AH25: 8 | AI25: 1 | AJ25: 9 | AK25: 3 | AL25: 10 | AM25: 5 | AN25: 4 | AO25: 7 | AP25: =SUM(AG25:AO25) -> 53 | BA25: 8 | BB25: 6 | BC25: 9 | BD25: 3 | BE25: 1 | BF25: 4 | BG25: 5 | BH25: 2 | BI25: 7 | BJ25: =SUM(BA25:BI25) -> 45 | BU25: 10 | BV25: 3 | BW25: 2 | BX25: 7 | BY25: 4 | BZ25: 8 | CA25: 6 | CB25: 1 | CC25: 9 | CD25: =SUM(BU25:CC25) -> 50 | CO25: 3 | CP25: 2 | CQ25: 7 | CR25: 4 | CS25: 9 | CT25: 5 | CU25: 1 | CV25: 8 | CW25: 10 | CX25: =SUM(CO25:CW25) -> 49 | DI25: 1 | DJ25: 5 | DK25: 4 | DL25: 10 | DM25: 2 | DN25: 7 | DO25: 6 | DP25: 3 | DQ25: 8 | DR25: =SUM(DI25:DQ25) -> 46
M26: =SUM(M16:M25) -> 55 | N26: =SUM(N16:N25) -> 55 | O26: =SUM(O16:O25) -> 55 | P26: =SUM(P16:P25) -> 55 | Q26: =SUM(Q16:Q25) -> 55 | R26: =SUM(R16:R25) -> 55 | S26: =SUM(S16:S25) -> 55 | T26: =SUM(T16:T25) -> 55 | U26: =SUM(U16:U25) -> 55 | V26: =SUM(M26:U26) -> 495 | AG26: =SUM(AG16:AG25) -> 55 | AH26: =SUM(AH16:AH25) -> 55 | AI26: =SUM(AI16:AI25) -> 55 | AJ26: =SUM(AJ16:AJ25) -> 55 | AK26: =SUM(AK16:AK25) -> 55 | AL26: =SUM(AL16:AL25) -> 55 | AM26: =SUM(AM16:AM25) -> 55 | AN26: =SUM(AN16:AN25) -> 55 | AO26: =SUM(AO16:AO25) -> 55 | AP26: =SUM(AG26:AO26) -> 495 | BA26: =SUM(BA16:BA25) -> 55 | BB26: =SUM(BB16:BB25) -> 55 | BC26: =SUM(BC16:BC25) -> 55 | BD26: =SUM(BD16:BD25) -> 55 | BE26: =SUM(BE16:BE25) -> 55 | BF26: =SUM(BF16:BF25) -> 55 | BG26: =SUM(BG16:BG25) -> 55 | BH26: =SUM(BH16:BH25) -> 55 | BI26: =SUM(BI16:BI25) -> 55 | BJ26: =SUM(BA26:BI26) -> 495 | BU26: =SUM(BU16:BU25) -> 55 | BV26: =SUM(BV16:BV25) -> 55 | BW26: =SUM(BW16:BW25) -> 55 | BX26: =SUM(BX16:BX25) -> 55 | BY26: =SUM(BY16:BY25) -> 55 | BZ26: =SUM(BZ16:BZ25) -> 55 | CA26: =SUM(CA16:CA25) -> 55 | CB26: =SUM(CB16:CB25) -> 55 | CC26: =SUM(CC16:CC25) -> 55 | CD26: =SUM(BU26:CC26) -> 495 | CO26: =SUM(CO16:CO25) -> 55 | CP26: =SUM(CP16:CP25) -> 55 | CQ26: =SUM(CQ16:CQ25) -> 55 | CR26: =SUM(CR16:CR25) -> 55 | CS26: =SUM(CS16:CS25) -> 55 | CT26: =SUM(CT16:CT25) -> 55 | CU26: =SUM(CU16:CU25) -> 55 | CV26: =SUM(CV16:CV25) -> 55 | CW26: =SUM(CW16:CW25) -> 55 | CX26: =SUM(CO26:CW26) -> 495 | DI26: =SUM(DI16:DI25) -> 55 | DJ26: =SUM(DJ16:DJ25) -> 55 | DK26: =SUM(DK16:DK25) -> 55 | DL26: =SUM(DL16:DL25) -> 55 | DM26: =SUM(DM16:DM25) -> 55 | DN26: =SUM(DN16:DN25) -> 55 | DO26: =SUM(DO16:DO25) -> 55 | DP26: =SUM(DP16:DP25) -> 55 | DQ26: =SUM(DQ16:DQ25) -> 55 | DR26: =SUM(DI26:DQ26) -> 495

Sheet Member
A1: EDV-Nr. | B1: Passnr. | C1: Nachname | D1: Vorname | E1: Zus. | F1: Ges. | G1: AK | H1: RL | I1: Club | J1: Verein | K1: Kurz | L1: Column12 | M1: Column13 | N1: Column14 | O1: Column15 | P1: Column16 | Q1: Column17
A2: 38175 | B2: 131530 | C2: Bäßler | D2: Lars | F2: m | G2: Männer | H2: D | I2: BC Friedrichshafen | J2: 1. BBV Friedrichshafen e.V. | K2: FRI
A3: 3175 | B3: 162972 | C3: Hug | D3: Jürgen | F3: m | G3: Senioren A | H3: D | I3: BC Friedrichshafen | J3: 1. BBV Friedrichshafen e.V. | K3: FRI
A4: 7306 | B4: 115595 | C4: König | D4: Gabi | F4: w | G4: Seniorinnen B | H4: D | I4: BC Friedrichshafen | J4: 1. BBV Friedrichshafen e.V. | K4: FRI
A5: 25487 | B5: 60040 | C5: Morgen | D5: Markus | F5: m | G5: Männer | H5: D | I5: BC Friedrichshafen | J5: 1. BBV Friedrichshafen e.V. | K5: FRI
A6: 7291 | B6: 115597 | C6: Seiler | D6: Franz | F6: m | G6: Senioren C | H6: E | I6: BC Friedrichshafen | J6: 1. BBV Friedrichshafen e.V. | K6: FRI
A7: 25445 | B7: 125151 | C7: Seiler | D7: Ursula | F7: w | G7: Seniorinnen C | H7: E | I7: BC Friedrichshafen | J7: 1. BBV Friedrichshafen e.V. | K7: FRI
A8: 7295 | B8: 115593 | C8: Unternährer | D8: Peter | F8: m | G8: Senioren C | H8: D | I8: BC Friedrichshafen | J8: 1. BBV Friedrichshafen e.V. | K8: FRI
A9: 29170 | B9: 162959 | C9: Vogel | D9: Jens | F9: m | G9: Senioren B | H9: E | I9: BC Friedrichshafen | J9: 1. BBV Friedrichshafen e.V. | K9: FRI
A10: 38761 | B10: 155286 | C10: Gastinger | D10: Sandro | F10: m | G10: Männer | I10: Absolut Sports.com | J10: 1. BC Bad Tölz 78 e.V. | K10: TÖL
A11: 38001 | B11: 117987 | C11: Hanauer | D11: Florian | F11: m | G11: Männer | H11: A | I11: Absolut Sports.com | J11: 1. BC Bad Tölz 78 e.V. | K11: TÖL
A12: 16336 | B12: 116725 | C12: Hannemann | D12: Roland | F12: m | G12: Senioren A | H12: B | I12: Absolut Sports.com | J12: 1. BC Bad Tölz 78 e.V. | K12: TÖL
A13: 38954 | B13: 164079 | C13: Jehle | D13: Dennis | F13: m | G13: Männer | I13: Absolut Sports.com | J13: 1. BC Bad Tölz 78 e.V. | K13: TÖL
A14: 38845 | B14: 159631 | C14: Kugler | D14: Laurin | F14: m | G14: Jugend A m | H14: C | I14: Absolut Sports.com | J14: 1. BC Bad Tölz 78 e.V. | K14: TÖL
A15: 38843 | B15: 159629 | C15: Lintner | D15: Lena | F15: w | G15: Jugend B w | H15: F | I15: Absolut Sports.com | J15: 1. BC Bad Tölz 78 e.V. | K15: TÖL
A16: 25691 | B16: 162009 | C16: Mathe | D16: Thomas | F16: m | G16: Senioren A | H16: C | I16: Absolut Sports.com | J16: 1. BC Bad Tölz 78 e.V. | K16: TÖL
A17: 38844 | B17: 159630 | C17: Mathe | D17: Maximilian | F17: m | G17: Junioren | H17: D | I17: Absolut Sports.com | J17: 1. BC Bad Tölz 78 e.V. | K17: TÖL
A18: 38902 | B18: 162965 | C18: Mattes | D18: Marc | F18: m | G18: Männer | H18: D | I18: Absolut Sports.com | J18: 1. BC Bad Tölz 78 e.V. | K18: TÖL
A19: 38940 | B19: 164062 | C19: Mengel | D19: Marina | F19: w | G19: Jugend B w | I19: Absolut Sports.com | J19: 1. BC Bad Tölz 78 e.V. | K19: TÖL
A20: 28367 | B20: 24962 | C20: Müller | D20: Marcel | F20: m | G20: Männer | H20: A | I20: Absolut Sports.com | J20: 1. BC Bad Tölz 78 e.V. | K20: TÖL
A21: 25005 | B21: 29473 | C21: Mutz | D21: Anton | F21: m | G21: Senioren A | H21: B | I21: Absolut Sports.com | J21: 1. BC Bad Tölz 78 e.V. | K21: TÖL
A22: 38659 | B22: 148804 | C22: Nahodyl | D22: Jakob | F22: m | G22: Jugend A m | H22: B | I22: Absolut Sports.com | J22: 1. BC Bad Tölz 78 e.V. | K22: TÖL
A23: 38660 | B23: 148805 | C23: Nahodyl | D23: Valentin | F23: m | G23: Jugend A m | H23: B | I23: Absolut Sports.com | J23: 1. BC Bad Tölz 78 e.V. | K23: TÖL
A24: 38893 | B24: 162049 | C24: Rothemund | D24: Louis | F24: m | G24: Jugend C m | H24: F | I24: Absolut Sports.com | J24: 1. BC Bad Tölz 78 e.V. | K24: TÖL
A25: 7646 | B25: 116734 | C25: Schrempf | D25: Christian | F25: m | G25: Senioren A | H25: B | I25: Absolut Sports.com | J25: 1. BC Bad Tölz 78 e.V. | K25: TÖL
A26: 25690 | B26: 87201 | C26: Stangl | D26: Florian | F26: m | G26: Männer | H26: B | I26: Absolut Sports.com | J26: 1. BC Bad Tölz 78 e.V. | K26: TÖL
A27: 38149 | B27: 129876 | C27: Stockmann | D27: Uwe | F27: m | G27: Senioren B | I27: Absolut Sports.com | J27: 1. BC Bad Tölz 78 e.V. | K27: TÖL
A28: 38772 | B28: 158003 | C28: Sturm | D28: Sebastian | F28: m | G28: Jugend A m | H28: F | I28: Absolut Sports.com | J28: 1. BC Bad Tölz 78 e.V. | K28: TÖL
A29: 38530 | B29: 145415 | C29: Thurner | D29: Patrick | F29: m | G29: Männer | H29: A | I29: Absolut Sports.com | J29: 1. BC Bad Tölz 78 e.V. | K29: TÖL
A30: 38729 | B30: 153900 | C30: Waldinger | D30: Maximilian | F30: m | G30: Männer | I30: Absolut Sports.com | J30: 1. BC Bad Tölz 78 e.V. | K30: TÖL
A31: 38958 | B31: 164083 | C31: Weber | D31: Harald | F31: m | G31: Senioren A | I31: Absolut Sports.com | J31: 1. BC Bad Tölz 78 e.V. | K31: TÖL
A32: 25829 | B32: 107446 | C32: Zentara | D32: Helmut | F32: m | G32: Senioren A | H32: D | I32: Absolut Sports.com | J32: 1. BC Bad Tölz 78 e.V. | K32: TÖL
A33: 38352 | B33: 136757 | C33: Bückreiß | D33: Alexander | F33: m | G33: Senioren A | I33: Bowlingclub Coburg | J33: 1. BC Coburg e.V. | K33: COB
A34: 38539 | B34: 145502 | C34: Fischer | D34: Stephanie | F34: w | G34: Frauen | I34: Bowlingclub Coburg | J34: 1. BC Coburg e.V. | K34: COB
A35: 38540 | B35: 145503 | C35: Fischer | D35: Tobias | F35: m | G35: Männer | I35: Bowlingclub Coburg | J35: 1. BC Coburg e.V. | K35: COB
A36: 25359 | B36: 54392 | C36: Görbert | D36: René | F36: m | G36: Männer | I36: Bowlingclub Coburg | J36: 1. BC Coburg e.V. | K36: COB
A37: 25965 | B37: 111296 | C37: Keller | D37: Anja | F37: w | G37: Seniorinnen B | H37: E | I37: Bowlingclub Coburg | J37: 1. BC Coburg e.V. | K37: COB
A38: 38425 | B38: 140372 | C38: Lachmann | D38: Thomas | F38: m | G38: Senioren B | H38: F | I38: Bowlingclub Coburg | J38: 1. BC Coburg e.V. | K38: COB
A39: 38369 | B39: 136841 | C39: Noack | D39: Peter | F39: m | G39: Senioren B | I39: Bowlingclub Coburg | J39: 1. BC Coburg e.V. | K39: COB
A40: 16165 | B40: 115723 | C40: Schelhorn | D40: Heidemarie | F40: w | G40: Seniorinnen C | I40: Bowlingclub Coburg | J40: 1. BC Coburg e.V. | K40: COB
A41: 38134 | B41: 129776 | C41: Thomas | D41: Nico | F41: m | G41: Männer | H41: D | I41: Bowlingclub Coburg | J41: 1. BC Coburg e.V. | K41: COB
A42: 38936 | B42: 164057 | C42: Thomas | D42: Alisa | F42: w | G42: Frauen | H42: F | I42: Bowlingclub Coburg | J42: 1. BC Coburg e.V. | K42: COB
A43: 25378 | B43: 56364 | C43: Arnold | D43: Nadine | F43: w | G43: Frauen | H43: C | I43: BC Herzogenaurach | J43: 1. BC Erlangen | K43: ERL
A44: 38490 | B44: 142889 | C44: Bär | D44: Ursula | F44: w | G44: Seniorinnen A | H44: F | I44: BC Herzogenaurach | J44: 1. BC Erlangen | K44: ERL
A45: 38489 | B45: 142888 | C45: Bieber | D45: Henry | F45: m | G45: Männer | I45: BC Herzogenaurach | J45: 1. BC Erlangen | K45: ERL
A46: 7265 | B46: 114229 | C46: Friedrich | D46: Bernd | F46: m | G46: Senioren B | H46: D | I46: BC Herzogenaurach | J46: 1. BC Erlangen | K46: ERL
A47: 38974 | B47: 168154 | C47: Graubaum | D47: Henry | F47: m | G47: Männer | I47: BC Herzogenaurach | J47: 1. BC Erlangen | K47: ERL
A48: 16897 | B48: 19450 | C48: Hertel | D48: Jürgen | F48: m | G48: Senioren A | H48: D | I48: BC Herzogenaurach | J48: 1. BC Erlangen | K48: ERL
A49: 25436 | B49: 65975 | C49: Hertel | D49: Christine | F49: w | G49: Seniorinnen A | H49: E | I49: BC Herzogenaurach | J49: 1. BC Erlangen | K49: ERL
A50: 25760 | B50: 99239 | C50: Inkermann | D50: Matthias | F50: m | G50: Männer | H50: C | I50: BC Herzogenaurach | J50: 1. BC Erlangen | K50: ERL
A51: 7286 | B51: 114226 | C51: Meier | D51: Peter | F51: m | G51: Senioren B | H51: D | I51: BC Herzogenaurach | J51: 1. BC Erlangen | K51: ERL
A52: 7283 | B52: 114227 | C52: Pichl | D52: Jürgen | F52: m | G52: Senioren B | H52: D | I52: BC Herzogenaurach | J52: 1. BC Erlangen | K52: ERL
A53: 7282 | B53: 114228 | C53: Voss | D53: Horst | F53: m | G53: Senioren B | I53: BC Herzogenaurach | J53: 1. BC Erlangen | K53: ERL
A54: 38930 | B54: 162998 | C54: Wahsner | D54: Ralf | F54: m | G54: Senioren A | I54: BC Herzogenaurach | J54: 1. BC Erlangen | K54: ERL
A55: 38886 | B55: 162035 | C55: Arndt | D55: Nico | F55: m | G55: Junioren | H55: C | I55: Flying Pins Erlangen | J55: 1. BC Erlangen | K55: ERL
A56: 25761 | B56: 91544 | C56: Brucksch | D56: Michael | F56: m | G56: Männer | H56: B | I56: Flying Pins Erlangen | J56: 1. BC Erlangen | K56: ERL
A57: 38082 | B57: 129216 | C57: Herzog | D57: Florian | F57: m | G57: Männer | H57: D | I57: Flying Pins Erlangen | J57: 1. BC Erlangen | K57: ERL
A58: 38885 | B58: 162034 | C58: Kramer | D58: Tobias | F58: m | G58: Männer | H58: D | I58: Flying Pins Erlangen | J58: 1. BC Erlangen | K58: ERL
A59: 25932 | B59: 111565 | C59: Ludwig | D59: Klaus | F59: m | G59: Männer | H59: C | I59: Flying Pins Erlangen | J59: 1. BC Erlangen | K59: ERL
A60: 25044 | B60: 34133 | C60: Maier | D60: Klaus | F60: m | G60: Senioren B | H60: C | I60: Flying Pins Erlangen | J60: 1. BC Erlangen | K60: ERL
A61: 38683 | B61: 148837 | C61: Meier | D61: Juri | F61: m | G61: Senioren A | H61: C | I61: Flying Pins Erlangen | J61: 1. BC Erlangen | K61: ERL
A62: 25519 | B62: 164056 | C62: Neidhardt | D62: Andreas | F62: m | G62: Männer | H62: C | I62: Flying Pins Erlangen | J62: 1. BC Erlangen | K62: ERL
A63: 25521 | B63: 59997 | C63: Olde Damink | D63: Tim | F63: m | G63: Männer | H63: B | I63: Flying Pins Erlangen | J63: 1. BC Erlangen | K63: ERL
A64: 25973 | B64: 113019 | C64: Stief | D64: Patrick | F64: m | G64: Männer | H64: D | I64: Flying Pins Erlangen | J64: 1. BC Erlangen | K64: ERL
A65: 16854 | B65: 16444 | C65: Transchel | D65: Wolfgang | F65: m | G65: Männer | I65: Flying Pins Erlangen | J65: 1. BC Erlangen | K65: ERL
A66: 16707 | B66: 120953 | C66: Beier | D66: Thomas | F66: m | G66: Senioren A | H66: D | I66: BC Adler Nürnberg | J66: 1. BC Nürnberg | K66: BCN
A67: 7714 | B67: 120955 | C67: Doßler | D67: Thomas | F67: m | G67: Senioren A | H67: D | I67: BC Adler Nürnberg | J67: 1. BC Nürnberg | K67: BCN
A68: 25944 | B68: 111764 | C68: Kohl | D68: Oswald | F68: m | G68: Senioren B | H68: E | I68: BC Adler Nürnberg | J68: 1. BC Nürnberg | K68: BCN
A69: 25811 | B69: 111812 | C69: Schmelzl | D69: Werner | F69: m | G69: Männer | H69: D | I69: BC Adler Nürnberg | J69: 1. BC Nürnberg | K69: BCN
A70: 7761 | B70: 148827 | C70: Schmitt | D70: Peter | F70: m | G70: Senioren C | H70: D | I70: BC Adler Nürnberg | J70: 1. BC Nürnberg | K70: BCN
A71: 16245 | B71: 162983 | C71: Fischbach | D71: Max | F71: m | G71: Senioren B | H71: C | I71: Comet | J71: 1. BC Nürnberg | K71: BCN
A72: 16243 | B72: 162046 | C72: Glatzer | D72: Daniel | F72: m | G72: Männer | H72: A | I72: Comet | J72: 1. BC Nürnberg | K72: BCN
A73: 16896 | B73: 19448 | C73: Mittelmaier | D73: Andreas | F73: m | G73: Männer | H73: A | I73: Comet | J73: 1. BC Nürnberg | K73: BCN
A74: 7102 | B74: 115810 | C74: Schick | D74: Andreas | F74: m | G74: Männer | H74: B | I74: Comet | J74: 1. BC Nürnberg | K74: BCN
A75: 7724 | B75: 115807 | C75: Schlick | D75: Christian | F75: m | G75: Männer | H75: B | I75: Comet | J75: 1. BC Nürnberg | K75: BCN
A76: 7725 | B76: 153859 | C76: Schlundt | D76: Michael | F76: m | G76: Männer | H76: B | I76: Comet | J76: 1. BC Nürnberg | K76: BCN
A77: 7734 | B77: 126469 | C77: Schwarz | D77: Jan | F77: m | G77: Männer | H77: A | I77: Comet | J77: 1. BC Nürnberg | K77: BCN
A78: 38906 | B78: 162970 | C78: Cribaro | D78: Yvonne | F78: w | G78: Frauen | H78: F | I78: Einzelmitglied Nürnberg | J78: 1. BC Nürnberg | K78: BCN
A79: 7005 | B79: 131822 | C79: Remmel | D79: Friedhelm | F79: m | G79: Senioren C | I79: Einzelmitglied Nürnberg | J79: 1. BC Nürnberg | K79: BCN
A80: 7019 | B80: 129048 | C80: Remmel | D80: Gertrud | F80: w | G80: Seniorinnen C | I80: Einzelmitglied Nürnberg | J80: 1. BC Nürnberg | K80: BCN
A81: 16080 | B81: 112597 | C81: Anderson | D81: Eddie | F81: m | G81: Senioren C | H81: C | I81: 1. BC Veitshöchheim | J81: 1. BC Veitshöchheim e.V. | K81: VEI
A82: 38595 | B82: 146907 | C82: Dambach | D82: Georg | F82: m | G82: Senioren B | H82: E | I82: 1. BC Veitshöchheim | J82: 1. BC Veitshöchheim e.V. | K82: VEI
A83: 38236 | B83: 135133 | C83: Gerhard | D83: Gerd | F83: m | G83: Senioren B | I83: 1. BC Veitshöchheim | J83: 1. BC Veitshöchheim e.V. | K83: VEI
A84: 16086 | B84: 112595 | C84: Pfaff | D84: Andreas | F84: m | G84: Männer | H84: A | I84: 1. BC Veitshöchheim | J84: 1. BC Veitshöchheim e.V. | K84: VEI
A85: 38909 | B85: 162975 | C85: Pfaff | D85: Lukas | F85: m | G85: Männer | H85: D | I85: 1. BC Veitshöchheim | J85: 1. BC Veitshöchheim e.V. | K85: VEI
A86: 16088 | B86: 112596 | C86: Pfaff | D86: Ralf | F86: m | G86: Männer | H86: D | I86: 1. BC Veitshöchheim | J86: 1. BC Veitshöchheim e.V. | K86: VEI
A87: 16092 | B87: 112599 | C87: Pfaff | D87: Marianne | F87: w | G87: Seniorinnen C | H87: E | I87: 1. BC Veitshöchheim | J87: 1. BC Veitshöchheim e.V. | K87: VEI
A88: 16083 | B88: 112600 | C88: Pfaff | D88: Roland | F88: m | G88: Senioren C | H88: E | I88: 1. BC Veitshöchheim | J88: 1. BC Veitshöchheim e.V. | K88: VEI
A89: 38597 | B89: 146909 | C89: Steigerwald | D89: André | F89: m | G89: Männer | H89: E | I89: 1. BC Veitshöchheim | J89: 1. BC Veitshöchheim e.V. | K89: VEI
A90: 38956 | B90: 164081 | C90: Wanninger | D90: Viola | F90: w | G90: Juniorinnen | H90: F | I90: 1. BC Veitshöchheim | J90: 1. BC Veitshöchheim e.V. | K90: VEI
A91: 16864 | B91: 16442 | C91: Admiral | D91: Robert | F91: m | G91: Senioren B | H91: D | I91: BC Schwarz-Weiß Mainfranken | J91: 1. BSV Bamberg | K91: BAM
A92: 16999 | B92: 29362 | C92: Böhm | D92: Wolfgang | F92: m | G92: Senioren C | I92: BC Schwarz-Weiß Mainfranken | J92: 1. BSV Bamberg | K92: BAM
A93: 25945 | B93: 111702 | C93: Brehm | D93: Harald | F93: m | G93: Senioren B | H93: D | I93: BC Schwarz-Weiß Mainfranken | J93: 1. BSV Bamberg | K93: BAM
A94: 38034 | B94: 129093 | C94: Brendel | D94: Markus | F94: m | G94: Männer | H94: C | I94: BC Schwarz-Weiß Mainfranken | J94: 1. BSV Bamberg | K94: BAM
A95: 38033 | B95: 129092 | C95: Brendel | D95: Andreas | F95: m | G95: Männer | H95: D | I95: BC Schwarz-Weiß Mainfranken | J95: 1. BSV Bamberg | K95: BAM
A96: 38270 | B96: 135573 | C96: Derbfuss | D96: Tobias | F96: m | G96: Männer | H96: D | I96: BC Schwarz-Weiß Mainfranken | J96: 1. BSV Bamberg | K96: BAM
A97: 38565 | B97: 146872 | C97: Düren | D97: Benjamin | F97: m | G97: Männer | I97: BC Schwarz-Weiß Mainfranken | J97: 1. BSV Bamberg | K97: BAM
A98: 38237 | B98: 135136 | C98: Fischer | D98: Markus | F98: m | G98: Männer | H98: C | I98: BC Schwarz-Weiß Mainfranken | J98: 1. BSV Bamberg | K98: BAM
A99: 38183 | B99: 131606 | C99: Forche | D99: Finn | F99: m | G99: Männer | H99: B | I99: BC Schwarz-Weiß Mainfranken | J99: 1. BSV Bamberg | K99: BAM
A100: 38322 | B100: 131764 | C100: Forche | D100: Erich | F100: m | G100: Senioren C | H100: E | I100: BC Schwarz-Weiß Mainfranken | J100: 1. BSV Bamberg | K100: BAM
...

Sheet Starter
A1: 7102 | B1: =_xlfn.CONCAT(VLOOKUP(A1,Member!A:I,3,0)," ",VLOOKUP(A1,Member!A:I,4,0)) -> Schick Andreas | C1: =_xlfn.CONCAT(VLOOKUP(A1,Member!A:I,9,0)) -> Comet
A2: 16243 | B2: =_xlfn.CONCAT(VLOOKUP(A2,Member!A:I,3,0)," ",VLOOKUP(A2,Member!A:I,4,0)) -> Glatzer Daniel | C2: =_xlfn.CONCAT(VLOOKUP(A2,Member!A:I,9,0)) -> Comet
A3: 7724 | B3: =_xlfn.CONCAT(VLOOKUP(A3,Member!A:I,3,0)," ",VLOOKUP(A3,Member!A:I,4,0)) -> Schlick Christian | C3: =_xlfn.CONCAT(VLOOKUP(A3,Member!A:I,9,0)) -> Comet
A4: 16245 | B4: =_xlfn.CONCAT(VLOOKUP(A4,Member!A:I,3,0)," ",VLOOKUP(A4,Member!A:I,4,0)) -> Fischbach Max | C4: =_xlfn.CONCAT(VLOOKUP(A4,Member!A:I,9,0)) -> Comet
A5: 7734 | B5: =_xlfn.CONCAT(VLOOKUP(A5,Member!A:I,3,0)," ",VLOOKUP(A5,Member!A:I,4,0)) -> Schwarz Jan | C5: =_xlfn.CONCAT(VLOOKUP(A5,Member!A:I,9,0)) -> Comet
A6: 7725 | B6: =_xlfn.CONCAT(VLOOKUP(A6,Member!A:I,3,0)," ",VLOOKUP(A6,Member!A:I,4,0)) -> Schlundt Michael | C6: =_xlfn.CONCAT(VLOOKUP(A6,Member!A:I,9,0)) -> Comet
A7: 16896 | B7: =_xlfn.CONCAT(VLOOKUP(A7,Member!A:I,3,0)," ",VLOOKUP(A7,Member!A:I,4,0)) -> Mittelmaier Andreas | C7: =_xlfn.CONCAT(VLOOKUP(A7,Member!A:I,9,0)) -> Comet
A8: 25315 | B8: =_xlfn.CONCAT(VLOOKUP(A8,Member!A:I,3,0)," ",VLOOKUP(A8,Member!A:I,4,0)) -> Elze Ullrich | C8: =_xlfn.CONCAT(VLOOKUP(A8,Member!A:I,9,0)) -> BC Donau - Bowler
A9: 7830 | B9: =_xlfn.CONCAT(VLOOKUP(A9,Member!A:I,3,0)," ",VLOOKUP(A9,Member!A:I,4,0)) -> Hartfeil Volkmar | C9: =_xlfn.CONCAT(VLOOKUP(A9,Member!A:I,9,0)) -> BC Donau - Bowler
A10: 25271 | B10: =_xlfn.CONCAT(VLOOKUP(A10,Member!A:I,3,0)," ",VLOOKUP(A10,Member!A:I,4,0)) -> Hürdler Marco | C10: =_xlfn.CONCAT(VLOOKUP(A10,Member!A:I,9,0)) -> BC Donau - Bowler
A11: 25592 | B11: =_xlfn.CONCAT(VLOOKUP(A11,Member!A:I,3,0)," ",VLOOKUP(A11,Member!A:I,4,0)) -> Schießl Roland | C11: =_xlfn.CONCAT(VLOOKUP(A11,Member!A:I,9,0)) -> BC Donau - Bowler
A12: 10622 | B12: =_xlfn.CONCAT(VLOOKUP(A12,Member!A:I,3,0)," ",VLOOKUP(A12,Member!A:I,4,0)) -> Kreß Michael | C12: =_xlfn.CONCAT(VLOOKUP(A12,Member!A:I,9,0)) -> DJK Rimpar
... A25: 7597 | B25: =_xlfn.CONCAT(VLOOKUP(A25,Member!A:I,3,0)," ",VLOOKUP(A25,Member!A:I,4,0)) -> Laub Harald | C25: =_xlfn.CONCAT(VLOOKUP(A25,Member!A:I,9,0)) -> BK München
A26: 7886 | B26: Baszler Patrik | C26: BK München
A27: 7885 | B27: =_xlfn.CONCAT(VLOOKUP(A27,Member!A:I,3,0)," ",VLOOKUP(A27,Member!A:I,4,0)) -> Hinterwimmer Sebastian | C27: =_xlfn.CONCAT(VLOOKUP(A27,Member!A:I,9,0)) -> BK München
A28: 25788 | B28: =_xlfn.CONCAT(VLOOKUP(A28,Member!A:I,3,0)," ",VLOOKUP(A28,Member!A:I,4,0)) -> Auer Markus | C28: =_xlfn.CONCAT(VLOOKUP(A28,Member!A:I,9,0)) -> BC Werdenfels
A29: 25649 | B29: =_xlfn.CONCAT(VLOOKUP(A29,Member!A:I,3,0)," ",VLOOKUP(A29,Member!A:I,4,0)) -> Gärtner Bruno | C29: =_xlfn.CONCAT(VLOOKUP(A29,Member!A:I,9,0)) -> BC Werdenfels
A30: 25166 | B30: =_xlfn.CONCAT(VLOOKUP(A30,Member!A:I,3,0)," ",VLOOKUP(A30,Member!A:I,4,0)) -> Musiol Jan | C30: =_xlfn.CONCAT(VLOOKUP(A30,Member!A:I,9,0)) -> BC Werdenfels
A31: 25822 | B31: =_xlfn.CONCAT(VLOOKUP(A31,Member!A:I,3,0)," ",VLOOKUP(A31,Member!A:I,4,0)) -> Kammermeier Maximilian | C31: =_xlfn.CONCAT(VLOOKUP(A31,Member!A:I,9,0)) -> BC Werdenfels
A32: 25554 | B32: =_xlfn.CONCAT(VLOOKUP(A32,Member!A:I,3,0)," ",VLOOKUP(A32,Member!A:I,4,0)) -> Blasits Ernst | C32: =_xlfn.CONCAT(VLOOKUP(A32,Member!A:I,9,0)) -> BC EMAX
A33: 7602 | B33: =_xlfn.CONCAT(VLOOKUP(A33,Member!A:I,3,0)," ",VLOOKUP(A33,Member!A:I,4,0)) -> Probst Marco | C33: =_xlfn.CONCAT(VLOOKUP(A33,Member!A:I,9,0)) -> BC EMAX
A34: 27134 | B34: =_xlfn.CONCAT(VLOOKUP(A34,Member!A:I,3,0)," ",VLOOKUP(A34,Member!A:I,4,0)) -> Lohse Sebastian | C34: =_xlfn.CONCAT(VLOOKUP(A34,Member!A:I,9,0)) -> BC EMAX
A35: 7883 | B35: =_xlfn.CONCAT(VLOOKUP(A35,Member!A:I,3,0)," ",VLOOKUP(A35,Member!A:I,4,0)) -> Hofbauer Karlheinz | C35: =_xlfn.CONCAT(VLOOKUP(A35,Member!A:I,9,0)) -> BC EMAX
A36: 7408 | B36: =_xlfn.CONCAT(VLOOKUP(A36,Member!A:I,3,0)," ",VLOOKUP(A36,Member!A:I,4,0)) -> Glasl Hans-Jürgen | C36: =_xlfn.CONCAT(VLOOKUP(A36,Member!A:I,9,0)) -> BC Bajuwaren
A37: 16762 | B37: =_xlfn.CONCAT(VLOOKUP(A37,Member!A:I,3,0)," ",VLOOKUP(A37,Member!A:I,4,0)) -> Glasl sen. Hans-Jürgen | C37: =_xlfn.CONCAT(VLOOKUP(A37,Member!A:I,9,0)) -> BC Bajuwaren
A38: 7600 | B38: =_xlfn.CONCAT(VLOOKUP(A38,Member!A:I,3,0)," ",VLOOKUP(A38,Member!A:I,4,0)) -> Lüthje Dennis | C38: =_xlfn.CONCAT(VLOOKUP(A38,Member!A:I,9,0)) -> BC Bajuwaren
... A59: 7831 | B59: =_xlfn.CONCAT(VLOOKUP(A59,Member!A:I,3,0)," ",VLOOKUP(A59,Member!A:I,4,0)) -> Obermeier Kurt | C59: =_xlfn.CONCAT(VLOOKUP(A59,Member!A:I,9,0)) -> BC Donau - Bowler
B60: =_xlfn.CONCAT(VLOOKUP(A60,Member!A:I,3,0)," ",VLOOKUP(A60,Member!A:I,4,0)) -> #N/A | C60: =_xlfn.CONCAT(VLOOKUP(A60,Member!A:I,9,0)) -> #N/A
B61: =_xlfn.CONCAT(VLOOKUP(A61,Member!A:I,3,0)," ",VLOOKUP(A61,Member!A:I,4,0)) -> #N/A | C61: =_xlfn.CONCAT(VLOOKUP(A61,Member!A:I,9,0)) -> #N/A
B62: =_xlfn.CONCAT(VLOOKUP(A62,Member!A:I,3,0)," ",VLOOKUP(A62,Member!A:I,4,0)) -> #N/A | C62: =_xlfn.CONCAT(VLOOKUP(A62,Member!A:I,9,0)) -> #N/A
B63: =_xlfn.CONCAT(VLOOKUP(A63,Member!A:I,3,0)," ",VLOOKUP(A63,Member!A:I,4,0)) -> #N/A | C63: =_xlfn.CONCAT(VLOOKUP(A63,Member!A:I,9,0)) -> #N/A
B64: =_xlfn.CONCAT(VLOOKUP(A64,Member!A:I,3,0)," ",VLOOKUP(A64,Member!A:I,4,0)) -> #N/A | C64: =_xlfn.CONCAT(VLOOKUP(A64,Member!A:I,9,0)) -> #N/A
B65: =_xlfn.CONCAT(VLOOKUP(A65,Member!A:I,3,0)," ",VLOOKUP(A65,Member!A:I,4,0)) -> #N/A | C65: =_xlfn.CONCAT(VLOOKUP(A65,Member!A:I,9,0)) -> #N/A
B66: =_xlfn.CONCAT(VLOOKUP(A66,Member!A:I,3,0)," ",VLOOKUP(A66,Member!A:I,4,0)) -> #N/A | C66: =_xlfn.CONCAT(VLOOKUP(A66,Member!A:I,9,0)) -> #N/A
B67: =_xlfn.CONCAT(VLOOKUP(A67,Member!A:I,3,0)," ",VLOOKUP(A67,Member!A:I,4,0)) -> #N/A | C67: =_xlfn.CONCAT(VLOOKUP(A67,Member!A:I,9,0)) -> #N/A
B68: =_xlfn.CONCAT(VLOOKUP(A68,Member!A:I,3,0)," ",VLOOKUP(A68,Member!A:I,4,0)) -> #N/A | C68: =_xlfn.CONCAT(VLOOKUP(A68,Member!A:I,9,0)) -> #N/A
B69: =_xlfn.CONCAT(VLOOKUP(A69,Member!A:I,3,0)," ",VLOOKUP(A69,Member!A:I,4,0)) -> #N/A | C69: =_xlfn.CONCAT(VLOOKUP(A69,Member!A:I,9,0)) -> #N/A
B70: =_xlfn.CONCAT(VLOOKUP(A70,Member!A:I,3,0)," ",VLOOKUP(A70,Member!A:I,4,0)) -> #N/A | C70: =_xlfn.CONCAT(VLOOKUP(A70,Member!A:I,9,0)) -> #N/A
B71: =_xlfn.CONCAT(VLOOKUP(A71,Member!A:I,3,0)," ",VLOOKUP(A71,Member!A:I,4,0)) -> #N/A | C71: =_xlfn.CONCAT(VLOOKUP(A71,Member!A:I,9,0)) -> #N/A
... B99: =_xlfn.CONCAT(VLOOKUP(A99,Member!A:I,3,0)," ",VLOOKUP(A99,Member!A:I,4,0)) -> #N/A | C99: =_xlfn.CONCAT(VLOOKUP(A99,Member!A:I,9,0)) -> #N/A

Sheet Schiedsrichterinfos
A1: =Schlüssel!C1&" - Saison "&Spielorte!C18 -> Bayernliga Herren - Saison 2025/2026
A3: Ligasprecher:
A4: Stellvertreter:
A6: Ahndungen bis Spieltag | C6: 1 | K6: Legende
A7: EDV | B7: Name | C7: Team | D7: 1. ST | E7: 2. ST | F7: 3. ST | G7: 4. ST | H7: 5. ST | I7: 6. ST | J7: Bemerkungen | K7: V | L7: Verwarnung
K8: G | L8: Gelbe Karte
K9: R | L9: Rote Karte
K10: D | L10: Spielerdokumente nicht vollständig
K11: S | L11: Spieler ist gesperrt

Sheet SRBericht1
B2: Schiedsrichterbericht
G6: Spieltag | H6: =Schlüssel!S2 -> 1 | M6: Datum | N6: =Schlüssel!M1 -> 04.10./05.10. | O6: 0 | P6: 0 | Q6: 0
G8: Liga | H8: =Schlüssel!C1 -> Bayernliga Herren
G10: Anlage | H10: =Schlüssel!C2 -> Regensburg Super Bowl
G12: Name Schiedsrichter: | H12: Jürgen Winecki
G14: Verein: | H14: BV 68 Regensburg
G16: Rolle: | H16: X | I16: Schiedsrichter
I18: Spielender Schiedsrichter
I20: Auswerter
C24: Beurteilung der Anlage
C25: Hallenöffnung um | M25: 0.35416667 | N25: Uhr
C28: Ölbild ausgehängt | G28: X | I28: Ja | M28: Nein
C30: Bahnenölung i.O. | G30: X | I30: Ja | M30: Nein
C31: wenn nein, Grund
C34: Foullinien i.O.
C35: und eingeschaltet | I35: Ja | K35: X | M35: Nein
C36: wenn nein, Grund
C37: Defekt
C39: Bahnenpflege in
C40: der Mittagspause | I40: Ja | M40: Nein
C41: wenn nein, Grund
B44: Mittagspause von | I44: 0.51041667 | K44: bis | M44: 0.52083333 | N44: Uhr
C47: Bahnenstopps: | I47: Ja | K47: X | M47: Nein
C48: wenn ja, Anzahl
C49: Grund
C53: Pinverwerfungen: | G53: X | I53: 0 - 10 | M53: 11 - 20 | Q53: über 20
C54: evtl. Bahnnr.:
B56: Besondere Vorkommnisse:
C58: Bahn 3 Stopp Pins verdreht
C61: Spielkontrolle
C65: EDV | E65: Name | I65: Grund | O65: Mündliche Verwarnung | P65: Weiße Karte | Q65: Gelbe Karte | R65: Gelb+Rote Karte | S65: Rote Karte
D66: =IF(C66=0,"",_xlfn.CONCAT(VLOOKUP(C66,#REF!,3,FALSE)," ",VLOOKUP(C66,#REF!,4,FALSE)))
D67: =IF(C67=0,"",_xlfn.CONCAT(VLOOKUP(C67,#REF!,3,FALSE)," ",VLOOKUP(C67,#REF!,4,FALSE)))
D68: =IF(C68=0,"",_xlfn.CONCAT(VLOOKUP(C68,#REF!,3,FALSE)," ",VLOOKUP(C68,#REF!,4,FALSE)))
D69: =IF(C69=0,"",_xlfn.CONCAT(VLOOKUP(C69,#REF!,3,FALSE)," ",VLOOKUP(C69,#REF!,4,FALSE)))
D70: =IF(C70=0,"",_xlfn.CONCAT(VLOOKUP(C70,#REF!,3,FALSE)," ",VLOOKUP(C70,#REF!,4,FALSE)))
D71: =IF(C71=0,"",_xlfn.CONCAT(VLOOKUP(C71,#REF!,3,FALSE)," ",VLOOKUP(C71,#REF!,4,FALSE)))
D72: =IF(C72=0,"",_xlfn.CONCAT(VLOOKUP(C72,#REF!,3,FALSE)," ",VLOOKUP(C72,#REF!,4,FALSE)))
D73: =IF(C73=0,"",_xlfn.CONCAT(VLOOKUP(C73,#REF!,3,FALSE)," ",VLOOKUP(C73,#REF!,4,FALSE)))
D74: =IF(C74=0,"",_xlfn.CONCAT(VLOOKUP(C74,#REF!,3,FALSE)," ",VLOOKUP(C74,#REF!,4,FALSE)))
D75: =IF(C75=0,"",_xlfn.CONCAT(VLOOKUP(C75,#REF!,3,FALSE)," ",VLOOKUP(C75,#REF!,4,FALSE)))
D76: =IF(C76=0,"",_xlfn.CONCAT(VLOOKUP(C76,#REF!,3,FALSE)," ",VLOOKUP(C76,#REF!,4,FALSE)))
D77: =IF(C77=0,"",_xlfn.CONCAT(VLOOKUP(C77,#REF!,3,FALSE)," ",VLOOKUP(C77,#REF!,4,FALSE)))
C80: Passkontrolle
D83: Passkontrolle durchgeführt: | J83: X
C84: EDV | E84: Name | I84: Grund | O84: Fehlender Pass | P84: Fehlende Beitragsmarke | Q84: Fehlende Ranglistenkarte | R84: Pass abgelaufen
D85: =IF(C85=0,"",_xlfn.CONCAT(VLOOKUP(C85,#REF!,3,FALSE)," ",VLOOKUP(C85,#REF!,4,FALSE)))
D86: =IF(C86=0,"",_xlfn.CONCAT(VLOOKUP(C86,#REF!,3,FALSE)," ",VLOOKUP(C86,#REF!,4,FALSE)))
D87: =IF(C87=0,"",_xlfn.CONCAT(VLOOKUP(C87,#REF!,3,FALSE)," ",VLOOKUP(C87,#REF!,4,FALSE)))
D88: =IF(C88=0,"",_xlfn.CONCAT(VLOOKUP(C88,#REF!,3,FALSE)," ",VLOOKUP(C88,#REF!,4,FALSE)))
D89: =IF(C89=0,"",_xlfn.CONCAT(VLOOKUP(C89,#REF!,3,FALSE)," ",VLOOKUP(C89,#REF!,4,FALSE)))
D90: =IF(C90=0,"",_xlfn.CONCAT(VLOOKUP(C90,#REF!,3,FALSE)," ",VLOOKUP(C90,#REF!,4,FALSE)))
D91: =IF(C91=0,"",_xlfn.CONCAT(VLOOKUP(C91,#REF!,3,FALSE)," ",VLOOKUP(C91,#REF!,4,FALSE)))
D92: =IF(C92=0,"",_xlfn.CONCAT(VLOOKUP(C92,#REF!,3,FALSE)," ",VLOOKUP(C92,#REF!,4,FALSE)))
D93: =IF(C93=0,"",_xlfn.CONCAT(VLOOKUP(C93,#REF!,3,FALSE)," ",VLOOKUP(C93,#REF!,4,FALSE)))
D94: =IF(C94=0,"",_xlfn.CONCAT(VLOOKUP(C94,#REF!,3,FALSE)," ",VLOOKUP(C94,#REF!,4,FALSE)))
D95: =IF(C95=0,"",_xlfn.CONCAT(VLOOKUP(C95,#REF!,3,FALSE)," ",VLOOKUP(C95,#REF!,4,FALSE)))
D96: =IF(C96=0,"",_xlfn.CONCAT(VLOOKUP(C96,#REF!,3,FALSE)," ",VLOOKUP(C96,#REF!,4,FALSE)))
C99: Verletzungen
C103: EDV | D103: Name | I103: Grund | R103: Spiel | T103: Frame
D104: =IF(C104=0,"",_xlfn.CONCAT(VLOOKUP(C104,#REF!,3,FALSE)," ",VLOOKUP(C104,#REF!,4,FALSE)))
D105: =IF(C105=0,"",_xlfn.CONCAT(VLOOKUP(C105,#REF!,3,FALSE)," ",VLOOKUP(C105,#REF!,4,FALSE)))
D106: =IF(C106=0,"",_xlfn.CONCAT(VLOOKUP(C106,#REF!,3,FALSE)," ",VLOOKUP(C106,#REF!,4,FALSE)))
D107: =IF(C107=0,"",_xlfn.CONCAT(VLOOKUP(C107,#REF!,3,FALSE)," ",VLOOKUP(C107,#REF!,4,FALSE)))
D108: =IF(C108=0,"",_xlfn.CONCAT(VLOOKUP(C108,#REF!,3,FALSE)," ",VLOOKUP(C108,#REF!,4,FALSE)))
D109: =IF(C109=0,"",_xlfn.CONCAT(VLOOKUP(C109,#REF!,3,FALSE)," ",VLOOKUP(C109,#REF!,4,FALSE)))
D110: =IF(C110=0,"",_xlfn.CONCAT(VLOOKUP(C110,#REF!,3,FALSE)," ",VLOOKUP(C110,#REF!,4,FALSE)))
D111: =IF(C111=0,"",_xlfn.CONCAT(VLOOKUP(C111,#REF!,3,FALSE)," ",VLOOKUP(C111,#REF!,4,FALSE)))
D112: =IF(C112=0,"",_xlfn.CONCAT(VLOOKUP(C112,#REF!,3,FALSE)," ",VLOOKUP(C112,#REF!,4,FALSE)))
D113: =IF(C113=0,"",_xlfn.CONCAT(VLOOKUP(C113,#REF!,3,FALSE)," ",VLOOKUP(C113,#REF!,4,FALSE)))
D114: =IF(C114=0,"",_xlfn.CONCAT(VLOOKUP(C114,#REF!,3,FALSE)," ",VLOOKUP(C114,#REF!,4,FALSE)))
D115: =IF(C115=0,"",_xlfn.CONCAT(VLOOKUP(C115,#REF!,3,FALSE)," ",VLOOKUP(C115,#REF!,4,FALSE)))
C120: Zusatzbemerkungen
B126: Ligasprecher: | E126: Peter Börding BK München
E127: (Name, Club) | Q127: (Unterschrift)
B129: Schiedsrichter: | E129: Jürgrm Winecki Donaubowler Regensburg
E130: (Name, Club) | Q130: (Unterschrift)

Sheet TabGes
A1: =Schlüssel!$C$1 -> Bayernliga Herren
A2: ="Saison "&Spielorte!C18&" - Spieltag "&Erfassung6!AD2&" - "&TEXT(Erfassung6!AD1,"T. MMMM JJJJ") -> Saison 2025/2026 - Spieltag - 0. Januar 1900
A3: Gesamttabelle
A5: Pl. | B5: Mannschaften | C5: Spieltag 1 | E5: Spieltag 2 | G5: Spieltag 3 | I5: Spieltag 4 | K5: Spieltag 5 | M5: Spieltag 6 | O5: Gesamt | Q5: Schnitt | U5: Mannschaften | V5: Spieltag 1 | X5: Spieltag 2 | Z5: Spieltag 3 | AB5: Spieltag 4 | AD5: Spieltag 5 | AF5: Spieltag 6 | AH5: Gesamt | AJ5: Schnitt | AK5: Pins + PKT | AL5: Rang
C6: Pins | D6: Pkt. | E6: Pins | F6: Pkt. | G6: Pins | H6: Pkt. | I6: Pins | J6: Pkt. | K6: Pins | L6: Pkt. | M6: Pins | N6: Pkt. | O6: Pins | P6: Pkt. | V6: Pins | W6: Pkt. | X6: Pins | Y6: Pkt. | Z6: Pins | AA6: Pkt. | AB6: Pins | AC6: Pkt. | AD6: Pins | AE6: Pkt. | AF6: Pins | AG6: Pkt. | AH6: Pins | AI6: Pkt.
A7: 1 | B7: =VLOOKUP(A7,AL:AM,2,0) -> BK München 3 | C7: =VLOOKUP(B7,U:AL,2,0) -> 6829 | D7: =VLOOKUP(B7,U:AL,3,0) -> 51 | E7: =VLOOKUP(B7,U:AL,4,0) -> 0 | F7: =VLOOKUP(B7,U:AL,5,0) -> 0 | G7: =VLOOKUP(B7,U:AL,6,0) -> 0 | H7: =VLOOKUP(B7,U:AL,7,0) -> 0 | I7: =VLOOKUP(B7,U:AL,8,0) -> 0 | J7: =VLOOKUP(B7,U:AL,9,0) -> 0 | K7: =VLOOKUP(B7,U:AL,10,0) -> 0 | L7: =VLOOKUP(B7,U:AL,11,0) -> 0 | M7: =VLOOKUP(B7,U:AL,12,0) -> 0 | N7: =VLOOKUP(B7,U:AL,13,0) -> 0 | O7: =SUM(C7+E7+G7+I7+K7+M7) -> 6829 | P7: =SUM(D7+F7+H7+J7+L7+N7) -> 51 | Q7: =VLOOKUP(B7,U:AL,16,0) -> 189.69444 | U7: =Schlüssel!B5 -> BC Comet Nürnberg | V7: =VLOOKUP($U7,Tabelle1!$B$4:$W$16,20,0) -> 6680 | W7: =VLOOKUP($U7,Tabelle1!$B$4:$W$16,21,0) -> 43 | X7: =VLOOKUP(U7,Tabelle2!$B$4:$W$16,20,0) -> 0 | Y7: =VLOOKUP(U7,Tabelle2!$B$4:$W$16,21,0) -> 0 | Z7: =VLOOKUP(U7,Tabelle3!$B$4:$W$16,20,0) -> 0 | AA7: =VLOOKUP(U7,Tabelle3!$B$4:$W$16,21,0) -> 0 | AB7: =VLOOKUP(U7,Tabelle4!$B$4:$W$16,20,0) -> 0 | AC7: =VLOOKUP(U7,Tabelle4!$B$4:$W$16,21,0) -> 0 | AD7: =VLOOKUP(U7,Tabelle4!$B$4:$W$16,20,0) -> 0 | AE7: =VLOOKUP(U7,Tabelle4!$B$4:$W$16,21,0) -> 0 | AF7: =VLOOKUP(U7,Tabelle4!$B$4:$W$16,20,0) -> 0 | AG7: =VLOOKUP(U7,Tabelle4!$B$4:$W$16,21,0) -> 0 | AH7: =SUM(V7+X7+Z7+AB7+AD7+AF7) -> 6680 | AI7: =SUM(W7+Y7+AA7+AC7+AE7+AG7) -> 43 | AJ7: =AH7/AX7 -> 185.55556 | AK7: =AI7+AH7*0.00000000001 -> 43 | AL7: =RANK(AK7,AK$7:AK$16) -> 2 | AM7: {=U7:U12} -> BC Comet Nürnberg | AQ7: =Erfassung1!BF20 -> 36 | AR7: =Erfassung2!BF20 -> 0 | AS7: =Erfassung3!BF20 -> 0 | AT7: =Erfassung4!BF20 -> 0 | AU7: =Erfassung5!BF20 -> 0 | AV7: =Erfassung6!BF20 -> 0 | AX7: =SUM(AQ7:AV7) -> 36
A8: 2 | B8: =VLOOKUP(A8,AL:AM,2,0) -> BC Comet Nürnberg | C8: =VLOOKUP(B8,U:AL,2,0) -> 6680 | D8: =VLOOKUP(B8,U:AL,3,0) -> 43 | E8: =VLOOKUP(B8,U:AL,4,0) -> 0 | F8: =VLOOKUP(B8,U:AL,5,0) -> 0 | G8: =VLOOKUP(B8,U:AL,6,0) -> 0 | H8: =VLOOKUP(B8,U:AL,7,0) -> 0 | I8: =VLOOKUP(B8,U:AL,8,0) -> 0 | J8: =VLOOKUP(B8,U:AL,9,0) -> 0 | K8: =VLOOKUP(B8,U:AL,10,0) -> 0 | L8: =VLOOKUP(B8,U:AL,11,0) -> 0 | M8: =VLOOKUP(B8,U:AL,12,0) -> 0 | N8: =VLOOKUP(B8,U:AL,13,0) -> 0 | O8: =SUM(C8+E8+G8+I8+K8+M8) -> 6680 | P8: =SUM(D8+F8+H8+J8+L8+N8) -> 43 | Q8: =VLOOKUP(B8,U:AL,16,0) -> 185.55556 | U8: =Schlüssel!B6 -> BK München 3 | V8: =VLOOKUP(U8,Tabelle1!$B$4:$W$16,20,0) -> 6829 | W8: =VLOOKUP($U8,Tabelle1!$B$4:$W$16,21,0) -> 51 | X8: =VLOOKUP(U8,Tabelle2!$B$4:$W$16,20,0) -> 0 | Y8: =VLOOKUP(U8,Tabelle2!$B$4:$W$16,21,0) -> 0 | Z8: =VLOOKUP(U8,Tabelle3!$B$4:$W$16,20,0) -> 0 | AA8: =VLOOKUP(U8,Tabelle3!$B$4:$W$16,21,0) -> 0 | AB8: =VLOOKUP(U8,Tabelle4!$B$4:$W$16,20,0) -> 0 | AC8: =VLOOKUP(U8,Tabelle4!$B$4:$W$16,21,0) -> 0 | AD8: =VLOOKUP(U8,Tabelle4!$B$4:$W$16,20,0) -> 0 | AE8: =VLOOKUP(U8,Tabelle4!$B$4:$W$16,21,0) -> 0 | AF8: =VLOOKUP(U8,Tabelle4!$B$4:$W$16,20,0) -> 0 | AG8: =VLOOKUP(U8,Tabelle4!$B$4:$W$16,21,0) -> 0 | AH8: =SUM(V8+X8+Z8+AB8+AD8+AF8) -> 6829 | AI8: =SUM(W8+Y8+AA8+AC8+AE8+AG8) -> 51 | AJ8: =AH8/AX8 -> 189.69444 | AK8: =AI8+AH8*0.00000000001 -> 51 | AL8: =RANK(AK8,AK$7:AK$16) -> 1 | AM8: BK München 3 | AQ8: =Erfassung1!BF50 -> 36 | AR8: =Erfassung2!BF50 -> 0 | AS8: =Erfassung3!BF50 -> 0 | AT8: =Erfassung4!BF50 -> 0 | AU8: =Erfassung5!BF50 -> 0 | AV8: =Erfassung6!BF50 -> 0 | AX8: =SUM(AQ8:AV8) -> 36
A9: 3 | B9: =VLOOKUP(A9,AL:AM,2,0) -> Donaubowler Regensburg 1 | C9: =VLOOKUP(B9,U:AL,2,0) -> 6539 | D9: =VLOOKUP(B9,U:AL,3,0) -> 35.5 | E9: =VLOOKUP(B9,U:AL,4,0) -> 0 | F9: =VLOOKUP(B9,U:AL,5,0) -> 0 | G9: =VLOOKUP(B9,U:AL,6,0) -> 0 | H9: =VLOOKUP(B9,U:AL,7,0) -> 0 | I9: =VLOOKUP(B9,U:AL,8,0) -> 0 | J9: =VLOOKUP(B9,U:AL,9,0) -> 0 | K9: =VLOOKUP(B9,U:AL,10,0) -> 0 | L9: =VLOOKUP(B9,U:AL,11,0) -> 0 | M9: =VLOOKUP(B9,U:AL,12,0) -> 0 | N9: =VLOOKUP(B9,U:AL,13,0) -> 0 | O9: =SUM(C9+E9+G9+I9+K9+M9) -> 6539 | P9: =SUM(D9+F9+H9+J9+L9+N9) -> 35.5 | Q9: =VLOOKUP(B9,U:AL,16,0) -> 181.63889 | U9: =Schlüssel!B7 -> SG DJK Rimpar 1 | V9: =VLOOKUP(U9,Tabelle1!$B$4:$W$16,20,0) -> 6251 | W9: =VLOOKUP($U9,Tabelle1!$B$4:$W$16,21,0) -> 27 | X9: =VLOOKUP(U9,Tabelle2!$B$4:$W$16,20,0) -> 0 | Y9: =VLOOKUP(U9,Tabelle2!$B$4:$W$16,21,0) -> 0 | Z9: =VLOOKUP(U9,Tabelle3!$B$4:$W$16,20,0) -> 0 | AA9: =VLOOKUP(U9,Tabelle3!$B$4:$W$16,21,0) -> 0 | AB9: =VLOOKUP(U9,Tabelle4!$B$4:$W$16,20,0) -> 0 | AC9: =VLOOKUP(U9,Tabelle4!$B$4:$W$16,21,0) -> 0 | AD9: =VLOOKUP(U9,Tabelle4!$B$4:$W$16,20,0) -> 0 | AE9: =VLOOKUP(U9,Tabelle4!$B$4:$W$16,21,0) -> 0 | AF9: =VLOOKUP(U9,Tabelle4!$B$4:$W$16,20,0) -> 0 | AG9: =VLOOKUP(U9,Tabelle4!$B$4:$W$16,21,0) -> 0 | AH9: =SUM(V9+X9+Z9+AB9+AD9+AF9) -> 6251 | AI9: =SUM(W9+Y9+AA9+AC9+AE9+AG9) -> 27 | AJ9: =AH9/AX9 -> 173.63889 | AK9: =AI9+AH9*0.00000000001 -> 27 | AL9: =RANK(AK9,AK$7:AK$16) -> 6 | AM9: SG DJK Rimpar 1 | AQ9: =Erfassung1!BF80 -> 36 | AR9: =Erfassung2!BF80 -> 0 | AS9: =Erfassung3!BF80 -> 0 | AT9: =Erfassung4!BF80 -> 0 | AU9: =Erfassung5!BF80 -> 0 | AV9: =Erfassung6!BF80 -> 0 | AX9: =SUM(AQ9:AV9) -> 36
A10: 4 | B10: =VLOOKUP(A10,AL:AM,2,0) -> Bowlinghaus Bamberg 1 | C10: =VLOOKUP(B10,U:AL,2,0) -> 6411 | D10: =VLOOKUP(B10,U:AL,3,0) -> 31.5 | E10: =VLOOKUP(B10,U:AL,4,0) -> 0 | F10: =VLOOKUP(B10,U:AL,5,0) -> 0 | G10: =VLOOKUP(B10,U:AL,6,0) -> 0 | H10: =VLOOKUP(B10,U:AL,7,0) -> 0 | I10: =VLOOKUP(B10,U:AL,8,0) -> 0 | J10: =VLOOKUP(B10,U:AL,9,0) -> 0 | K10: =VLOOKUP(B10,U:AL,10,0) -> 0 | L10: =VLOOKUP(B10,U:AL,11,0) -> 0 | M10: =VLOOKUP(B10,U:AL,12,0) -> 0 | N10: =VLOOKUP(B10,U:AL,13,0) -> 0 | O10: =SUM(C10+E10+G10+I10+K10+M10) -> 6411 | P10: =SUM(D10+F10+H10+J10+L10+N10) -> 31.5 | Q10: =VLOOKUP(B10,U:AL,16,0) -> 178.08333 | U10: =Schlüssel!B8 -> SG Rottendorf 1 | V10: =VLOOKUP(U10,Tabelle1!$B$4:$W$16,20,0) -> 6309 | W10: =VLOOKUP($U10,Tabelle1!$B$4:$W$16,21,0) -> 23.5 | X10: =VLOOKUP(U10,Tabelle2!$B$4:$W$16,20,0) -> 0 | Y10: =VLOOKUP(U10,Tabelle2!$B$4:$W$16,21,0) -> 0 | Z10: =VLOOKUP(U10,Tabelle3!$B$4:$W$16,20,0) -> 0 | AA10: =VLOOKUP(U10,Tabelle3!$B$4:$W$16,21,0) -> 0 | AB10: =VLOOKUP(U10,Tabelle4!$B$4:$W$16,20,0) -> 0 | AC10: =VLOOKUP(U10,Tabelle4!$B$4:$W$16,21,0) -> 0 | AD10: =VLOOKUP(U10,Tabelle4!$B$4:$W$16,20,0) -> 0 | AE10: =VLOOKUP(U10,Tabelle4!$B$4:$W$16,21,0) -> 0 | AF10: =VLOOKUP(U10,Tabelle4!$B$4:$W$16,20,0) -> 0 | AG10: =VLOOKUP(U10,Tabelle4!$B$4:$W$16,21,0) -> 0 | AH10: =SUM(V10+X10+Z10+AB10+AD10+AF10) -> 6309 | AI10: =SUM(W10+Y10+AA10+AC10+AE10+AG10) -> 23.5 | AJ10: =AH10/AX10 -> 175.25 | AK10: =AI10+AH10*0.00000000001 -> 23.5 | AL10: =RANK(AK10,AK$7:AK$16) -> 9 | AM10: SG Rottendorf 1 | AQ10: =Erfassung1!BF110 -> 36 | AR10: =Erfassung2!BF110 -> 0 | AS10: =Erfassung3!BF110 -> 0 | AT10: =Erfassung4!BF110 -> 0 | AU10: =Erfassung5!BF110 -> 0 | AV10: =Erfassung6!BF110 -> 0 | AX10: =SUM(AQ10:AV10) -> 36
A11: 5 | B11: =VLOOKUP(A11,AL:AM,2,0) -> Werdenfels 1 | C11: =VLOOKUP(B11,U:AL,2,0) -> 6387 | D11: =VLOOKUP(B11,U:AL,3,0) -> 27.5 | E11: =VLOOKUP(B11,U:AL,4,0) -> 0 | F11: =VLOOKUP(B11,U:AL,5,0) -> 0 | G11: =VLOOKUP(B11,U:AL,6,0) -> 0 | H11: =VLOOKUP(B11,U:AL,7,0) -> 0 | I11: =VLOOKUP(B11,U:AL,8,0) -> 0 | J11: =VLOOKUP(B11,U:AL,9,0) -> 0 | K11: =VLOOKUP(B11,U:AL,10,0) -> 0 | L11: =VLOOKUP(B11,U:AL,11,0) -> 0 | M11: =VLOOKUP(B11,U:AL,12,0) -> 0 | N11: =VLOOKUP(B11,U:AL,13,0) -> 0 | O11: =SUM(C11+E11+G11+I11+K11+M11) -> 6387 | P11: =SUM(D11+F11+H11+J11+L11+N11) -> 27.5 | Q11: =VLOOKUP(B11,U:AL,16,0) -> 177.41667 | U11: =Schlüssel!B9 -> BC EMAX Unterföhring 2 | V11: =VLOOKUP(U11,Tabelle1!$B$4:$W$16,20,0) -> 6214 | W11: =VLOOKUP($U11,Tabelle1!$B$4:$W$16,21,0) -> 26.5 | X11: =VLOOKUP(U11,Tabelle2!$B$4:$W$16,20,0) -> 0 | Y11: =VLOOKUP(U11,Tabelle2!$B$4:$W$16,21,0) -> 0 | Z11: =VLOOKUP(U11,Tabelle3!$B$4:$W$16,20,0) -> 0 | AA11: =VLOOKUP(U11,Tabelle3!$B$4:$W$16,21,0) -> 0 | AB11: =VLOOKUP(U11,Tabelle4!$B$4:$W$16,20,0) -> 0 | AC11: =VLOOKUP(U11,Tabelle4!$B$4:$W$16,21,0) -> 0 | AD11: =VLOOKUP(U11,Tabelle4!$B$4:$W$16,20,0) -> 0 | AE11: =VLOOKUP(U11,Tabelle4!$B$4:$W$16,21,0) -> 0 | AF11: =VLOOKUP(U11,Tabelle4!$B$4:$W$16,20,0) -> 0 | AG11: =VLOOKUP(U11,Tabelle4!$B$4:$W$16,21,0) -> 0 | AH11: =SUM(V11+X11+Z11+AB11+AD11+AF11) -> 6214 | AI11: =SUM(W11+Y11+AA11+AC11+AE11+AG11) -> 26.5 | AJ11: =AH11/AX11 -> 172.61111 | AK11: =AI11+AH11*0.00000000001 -> 26.5 | AL11: =RANK(AK11,AK$7:AK$16) -> 7 | AM11: BC EMAX Unterföhring 2 | AQ11: =Erfassung1!BF140 -> 36 | AR11: =Erfassung2!BF140 -> 0 | AS11: =Erfassung3!BF140 -> 0 | AT11: =Erfassung4!BF140 -> 0 | AU11: =Erfassung5!BF140 -> 0 | AV11: =Erfassung6!BF140 -> 0 | AX11: =SUM(AQ11:AV11) -> 36
A12: 6 | B12: =VLOOKUP(A12,AL:AM,2,0) -> SG DJK Rimpar 1 | C12: =VLOOKUP(B12,U:AL,2,0) -> 6251 | D12: =VLOOKUP(B12,U:AL,3,0) -> 27 | E12: =VLOOKUP(B12,U:AL,4,0) -> 0 | F12: =VLOOKUP(B12,U:AL,5,0) -> 0 | G12: =VLOOKUP(B12,U:AL,6,0) -> 0 | H12: =VLOOKUP(B12,U:AL,7,0) -> 0 | I12: =VLOOKUP(B12,U:AL,8,0) -> 0 | J12: =VLOOKUP(B12,U:AL,9,0) -> 0 | K12: =VLOOKUP(B12,U:AL,10,0) -> 0 | L12: =VLOOKUP(B12,U:AL,11,0) -> 0 | M12: =VLOOKUP(B12,U:AL,12,0) -> 0 | N12: =VLOOKUP(B12,U:AL,13,0) -> 0 | O12: =SUM(C12+E12+G12+I12+K12+M12) -> 6251 | P12: =SUM(D12+F12+H12+J12+L12+N12) -> 27 | Q12: =VLOOKUP(B12,U:AL,16,0) -> 173.63889 | U12: =Schlüssel!B10 -> Bajuwaren München 1 | V12: =VLOOKUP(U12,Tabelle1!$B$4:$W$16,20,0) -> 6241 | W12: =VLOOKUP($U12,Tabelle1!$B$4:$W$16,21,0) -> 23.5 | X12: =VLOOKUP(U12,Tabelle2!$B$4:$W$16,20,0) -> 0 | Y12: =VLOOKUP(U12,Tabelle2!$B$4:$W$16,21,0) -> 0 | Z12: =VLOOKUP(U12,Tabelle3!$B$4:$W$16,20,0) -> 0 | AA12: =VLOOKUP(U12,Tabelle3!$B$4:$W$16,21,0) -> 0 | AB12: =VLOOKUP(U12,Tabelle4!$B$4:$W$16,20,0) -> 0 | AC12: =VLOOKUP(U12,Tabelle4!$B$4:$W$16,21,0) -> 0 | AD12: =VLOOKUP(U12,Tabelle4!$B$4:$W$16,20,0) -> 0 | AE12: =VLOOKUP(U12,Tabelle4!$B$4:$W$16,21,0) -> 0 | AF12: =VLOOKUP(U12,Tabelle4!$B$4:$W$16,20,0) -> 0 | AG12: =VLOOKUP(U12,Tabelle4!$B$4:$W$16,21,0) -> 0 | AH12: =SUM(V12+X12+Z12+AB12+AD12+AF12) -> 6241 | AI12: =SUM(W12+Y12+AA12+AC12+AE12+AG12) -> 23.5 | AJ12: =AH12/AX12 -> 173.36111 | AK12: =AI12+AH12*0.00000000001 -> 23.5 | AL12: =RANK(AK12,AK$7:AK$16) -> 10 | AM12: Bajuwaren München 1 | AQ12: =Erfassung1!BF170 -> 36 | AR12: =Erfassung2!BF170 -> 0 | AS12: =Erfassung3!BF170 -> 0 | AT12: =Erfassung4!BF170 -> 0 | AU12: =Erfassung5!BF170 -> 0 | AV12: =Erfassung6!BF170 -> 0 | AX12: =SUM(AQ12:AV12) -> 36
A13: 7 | B13: =VLOOKUP(A13,AL:AM,2,0) -> BC EMAX Unterföhring 2 | C13: =VLOOKUP(B13,U:AL,2,0) -> 6214 | D13: =VLOOKUP(B13,U:AL,3,0) -> 26.5 | E13: =VLOOKUP(B13,U:AL,4,0) -> 0 | F13: =VLOOKUP(B13,U:AL,5,0) -> 0 | G13: =VLOOKUP(B13,U:AL,6,0) -> 0 | H13: =VLOOKUP(B13,U:AL,7,0) -> 0 | I13: =VLOOKUP(B13,U:AL,8,0) -> 0 | J13: =VLOOKUP(B13,U:AL,9,0) -> 0 | K13: =VLOOKUP(B13,U:AL,10,0) -> 0 | L13: =VLOOKUP(B13,U:AL,11,0) -> 0 | M13: =VLOOKUP(B13,U:AL,12,0) -> 0 | N13: =VLOOKUP(B13,U:AL,13,0) -> 0 | O13: =SUM(C13+E13+G13+I13+K13+M13) -> 6214 | P13: =SUM(D13+F13+H13+J13+L13+N13) -> 26.5 | Q13: =VLOOKUP(B13,U:AL,16,0) -> 172.61111 | U13: =Schlüssel!B11 -> Bowlinghaus Bamberg 1 | V13: =VLOOKUP(U13,Tabelle1!$B$4:$W$16,20,0) -> 6411 | W13: =VLOOKUP($U13,Tabelle1!$B$4:$W$16,21,0) -> 31.5 | X13: =VLOOKUP(U13,Tabelle2!$B$4:$W$16,20,0) -> 0 | Y13: =VLOOKUP(U13,Tabelle2!$B$4:$W$16,21,0) -> 0 | Z13: =VLOOKUP(U13,Tabelle3!$B$4:$W$16,20,0) -> 0 | AA13: =VLOOKUP(U13,Tabelle3!$B$4:$W$16,21,0) -> 0 | AB13: =VLOOKUP(U13,Tabelle4!$B$4:$W$16,20,0) -> 0 | AC13: =VLOOKUP(U13,Tabelle4!$B$4:$W$16,21,0) -> 0 | AD13: =VLOOKUP(U13,Tabelle4!$B$4:$W$16,20,0) -> 0 | AE13: =VLOOKUP(U13,Tabelle4!$B$4:$W$16,21,0) -> 0 | AF13: =VLOOKUP(U13,Tabelle4!$B$4:$W$16,20,0) -> 0 | AG13: =VLOOKUP(U13,Tabelle4!$B$4:$W$16,21,0) -> 0 | AH13: =SUM(V13+X13+Z13+AB13+AD13+AF13) -> 6411 | AI13: =SUM(W13+Y13+AA13+AC13+AE13+AG13) -> 31.5 | AJ13: =AH13/AX13 -> 178.08333 | AK13: =AI13+AH13*0.00000000001 -> 31.5 | AL13: =RANK(AK13,AK$7:AK$16) -> 4 | AM13: {=U13:U18} -> Bowlinghaus Bamberg 1 | AQ13: =Erfassung1!BF200 -> 36 | AR13: =Erfassung2!BF200 -> 0 | AS13: =Erfassung3!BF200 -> 0 | AT13: =Erfassung4!BF200 -> 0 | AU13: =Erfassung5!BF200 -> 0 | AV13: =Erfassung6!BF200 -> 0 | AX13: =SUM(AQ13:AV13) -> 36
A14: 8 | B14: =VLOOKUP(A14,AL:AM,2,0) -> Schanzer Ingolstadt 1 | C14: =VLOOKUP(B14,U:AL,2,0) -> 6287 | D14: =VLOOKUP(B14,U:AL,3,0) -> 26 | E14: =VLOOKUP(B14,U:AL,4,0) -> 0 | F14: =VLOOKUP(B14,U:AL,5,0) -> 0 | G14: =VLOOKUP(B14,U:AL,6,0) -> 0 | H14: =VLOOKUP(B14,U:AL,7,0) -> 0 | I14: =VLOOKUP(B14,U:AL,8,0) -> 0 | J14: =VLOOKUP(B14,U:AL,9,0) -> 0 | K14: =VLOOKUP(B14,U:AL,10,0) -> 0 | L14: =VLOOKUP(B14,U:AL,11,0) -> 0 | M14: =VLOOKUP(B14,U:AL,12,0) -> 0 | N14: =VLOOKUP(B14,U:AL,13,0) -> 0 | O14: =SUM(C14+E14+G14+I14+K14+M14) -> 6287 | P14: =SUM(D14+F14+H14+J14+L14+N14) -> 26 | Q14: =VLOOKUP(B14,U:AL,16,0) -> 174.63889 | U14: =Schlüssel!B12 -> Schanzer Ingolstadt 1 | V14: =VLOOKUP(U14,Tabelle1!$B$4:$W$16,20,0) -> 6287 | W14: =VLOOKUP($U14,Tabelle1!$B$4:$W$16,21,0) -> 26 | X14: =VLOOKUP(U14,Tabelle2!$B$4:$W$16,20,0) -> 0 | Y14: =VLOOKUP(U14,Tabelle2!$B$4:$W$16,21,0) -> 0 | Z14: =VLOOKUP(U14,Tabelle3!$B$4:$W$16,20,0) -> 0 | AA14: =VLOOKUP(U14,Tabelle3!$B$4:$W$16,21,0) -> 0 | AB14: =VLOOKUP(U14,Tabelle4!$B$4:$W$16,20,0) -> 0 | AC14: =VLOOKUP(U14,Tabelle4!$B$4:$W$16,21,0) -> 0 | AD14: =VLOOKUP(U14,Tabelle4!$B$4:$W$16,20,0) -> 0 | AE14: =VLOOKUP(U14,Tabelle4!$B$4:$W$16,21,0) -> 0 | AF14: =VLOOKUP(U14,Tabelle4!$B$4:$W$16,20,0) -> 0 | AG14: =VLOOKUP(U14,Tabelle4!$B$4:$W$16,21,0) -> 0 | AH14: =SUM(V14+X14+Z14+AB14+AD14+AF14) -> 6287 | AI14: =SUM(W14+Y14+AA14+AC14+AE14+AG14) -> 26 | AJ14: =AH14/AX14 -> 174.63889 | AK14: =AI14+AH14*0.00000000001 -> 26 | AL14: =RANK(AK14,AK$7:AK$16) -> 8 | AM14: {=U14:U19} -> Schanzer Ingolstadt 1 | AQ14: =Erfassung1!BF230 -> 36 | AR14: =Erfassung2!BF230 -> 0 | AS14: =Erfassung3!BF230 -> 0 | AT14: =Erfassung4!BF230 -> 0 | AU14: =Erfassung5!BF230 -> 0 | AV14: =Erfassung6!BF230 -> 0 | AX14: =SUM(AQ14:AV14) -> 36
A15: 9 | B15: =VLOOKUP(A15,AL:AM,2,0) -> SG Rottendorf 1 | C15: =VLOOKUP(B15,U:AL,2,0) -> 6309 | D15: =VLOOKUP(B15,U:AL,3,0) -> 23.5 | E15: =VLOOKUP(B15,U:AL,4,0) -> 0 | F15: =VLOOKUP(B15,U:AL,5,0) -> 0 | G15: =VLOOKUP(B15,U:AL,6,0) -> 0 | H15: =VLOOKUP(B15,U:AL,7,0) -> 0 | I15: =VLOOKUP(B15,U:AL,8,0) -> 0 | J15: =VLOOKUP(B15,U:AL,9,0) -> 0 | K15: =VLOOKUP(B15,U:AL,10,0) -> 0 | L15: =VLOOKUP(B15,U:AL,11,0) -> 0 | M15: =VLOOKUP(B15,U:AL,12,0) -> 0 | N15: =VLOOKUP(B15,U:AL,13,0) -> 0 | O15: =SUM(C15+E15+G15+I15+K15+M15) -> 6309 | P15: =SUM(D15+F15+H15+J15+L15+N15) -> 23.5 | Q15: =VLOOKUP(B15,U:AL,16,0) -> 175.25 | U15: =Schlüssel!B13 -> Werdenfels 1 | V15: =VLOOKUP(U15,Tabelle1!$B$4:$W$16,20,0) -> 6387 | W15: =VLOOKUP($U15,Tabelle1!$B$4:$W$16,21,0) -> 27.5 | X15: =VLOOKUP(U15,Tabelle2!$B$4:$W$16,20,0) -> 0 | Y15: =VLOOKUP(U15,Tabelle2!$B$4:$W$16,21,0) -> 0 | Z15: =VLOOKUP(U15,Tabelle3!$B$4:$W$16,20,0) -> 0 | AA15: =VLOOKUP(U15,Tabelle3!$B$4:$W$16,21,0) -> 0 | AB15: =VLOOKUP(U15,Tabelle4!$B$4:$W$16,20,0) -> 0 | AC15: =VLOOKUP(U15,Tabelle4!$B$4:$W$16,21,0) -> 0 | AD15: =VLOOKUP(U15,Tabelle4!$B$4:$W$16,20,0) -> 0 | AE15: =VLOOKUP(U15,Tabelle4!$B$4:$W$16,21,0) -> 0 | AF15: =VLOOKUP(U15,Tabelle4!$B$4:$W$16,20,0) -> 0 | AG15: =VLOOKUP(U15,Tabelle4!$B$4:$W$16,21,0) -> 0 | AH15: =SUM(V15+X15+Z15+AB15+AD15+AF15) -> 6387 | AI15: =SUM(W15+Y15+AA15+AC15+AE15+AG15) -> 27.5 | AJ15: =AH15/AX15 -> 177.41667 | AK15: =AI15+AH15*0.00000000001 -> 27.5 | AL15: =RANK(AK15,AK$7:AK$16) -> 5 | AM15: {=U15:U20} -> Werdenfels 1 | AQ15: =Erfassung1!BF260 -> 36 | AR15: =Erfassung2!BF260 -> 0 | AS15: =Erfassung3!BF260 -> 0 | AT15: =Erfassung4!BF260 -> 0 | AU15: =Erfassung5!BF260 -> 0 | AV15: =Erfassung6!BF260 -> 0 | AX15: =SUM(AQ15:AV15) -> 36
A16: 10 | B16: =VLOOKUP(A16,AL:AM,2,0) -> Bajuwaren München 1 | C16: =VLOOKUP(B16,U:AL,2,0) -> 6241 | D16: =VLOOKUP(B16,U:AL,3,0) -> 23.5 | E16: =VLOOKUP(B16,U:AL,4,0) -> 0 | F16: =VLOOKUP(B16,U:AL,5,0) -> 0 | G16: =VLOOKUP(B16,U:AL,6,0) -> 0 | H16: =VLOOKUP(B16,U:AL,7,0) -> 0 | I16: =VLOOKUP(B16,U:AL,8,0) -> 0 | J16: =VLOOKUP(B16,U:AL,9,0) -> 0 | K16: =VLOOKUP(B16,U:AL,10,0) -> 0 | L16: =VLOOKUP(B16,U:AL,11,0) -> 0 | M16: =VLOOKUP(B16,U:AL,12,0) -> 0 | N16: =VLOOKUP(B16,U:AL,13,0) -> 0 | O16: =SUM(C16+E16+G16+I16+K16+M16) -> 6241 | P16: =SUM(D16+F16+H16+J16+L16+N16) -> 23.5 | Q16: =VLOOKUP(B16,U:AL,16,0) -> 173.36111 | U16: =Schlüssel!B14 -> Donaubowler Regensburg 1 | V16: =VLOOKUP(U16,Tabelle1!$B$4:$W$16,20,0) -> 6539 | W16: =VLOOKUP($U16,Tabelle1!$B$4:$W$16,21,0) -> 35.5 | X16: =VLOOKUP(U16,Tabelle2!$B$4:$W$16,20,0) -> 0 | Y16: =VLOOKUP(U16,Tabelle2!$B$4:$W$16,21,0) -> 0 | Z16: =VLOOKUP(U16,Tabelle3!$B$4:$W$16,20,0) -> 0 | AA16: =VLOOKUP(U16,Tabelle3!$B$4:$W$16,21,0) -> 0 | AB16: =VLOOKUP(U16,Tabelle4!$B$4:$W$16,20,0) -> 0 | AC16: =VLOOKUP(U16,Tabelle4!$B$4:$W$16,21,0) -> 0 | AD16: =VLOOKUP(U16,Tabelle4!$B$4:$W$16,20,0) -> 0 | AE16: =VLOOKUP(U16,Tabelle4!$B$4:$W$16,21,0) -> 0 | AF16: =VLOOKUP(U16,Tabelle4!$B$4:$W$16,20,0) -> 0 | AG16: =VLOOKUP(U16,Tabelle4!$B$4:$W$16,21,0) -> 0 | AH16: =SUM(V16+X16+Z16+AB16+AD16+AF16) -> 6539 | AI16: =SUM(W16+Y16+AA16+AC16+AE16+AG16) -> 35.5 | AJ16: =AH16/AX16 -> 181.63889 | AK16: =AI16+AH16*0.00000000001 -> 35.5 | AL16: =RANK(AK16,AK$7:AK$16) -> 3 | AM16: {=U16:U21} -> Donaubowler Regensburg 1 | AQ16: =Erfassung1!BF290 -> 36 | AR16: =Erfassung2!BF290 -> 0 | AS16: =Erfassung3!BF290 -> 0 | AT16: =Erfassung4!BF290 -> 0 | AU16: =Erfassung5!BF290 -> 0 | AV16: =Erfassung6!BF290 -> 0 | AX16: =SUM(AQ16:AV16) -> 36

Sheet Tabelle1
A1: =Schlüssel!$C$1 -> Bayernliga Herren
A2: ="Saison "&Spielorte!C18&" - Spieltag "&Erfassung1!AS2&" - "&Erfassung1!AT1 -> Saison 2025/2026 - Spieltag 1 - 04.10./05.10.
A3: =+Erfassung1!AE2 -> Regensburg Super Bowl
A5: Pl. | B5: Mannschaften | C5: Spiel 1 | E5: Spiel 2 | G5: Spiel 3 | I5: Spiel 4 | K5: Spiel 5 | M5: Spiel 6 | O5: Spiel 7 | Q5: Spiel 8 | S5: Spiel 9 | U5: Gesamt | W5: Schnitt
C6: Pins | D6: Pkt. | E6: Pins | F6: Pkt. | G6: Pins | H6: Pkt. | I6: Pins | J6: Pkt. | K6: Pins | L6: Pkt. | M6: Pins | N6: Pkt. | O6: Pins | P6: Pkt. | Q6: Pins | R6: Pkt. | S6: Pins | T6: Pkt. | U6: Pins | V6: Pkt.
A7: 1 | B7: =IFERROR(INDEX(Erfassung1!$AA:$AA,MATCH($A7,Erfassung1!$BR:$BR,0)-17),Schlüssel!B5) -> BK München 3 | C7: =INDEX(Erfassung1!AC:AC,MATCH($A7,Erfassung1!$BR:$BR,0)-1) -> 704 | D7: =INDEX(Erfassung1!AD:AD,MATCH($A7,Erfassung1!$BR:$BR,0)) -> 5 | E7: =INDEX(Erfassung1!AE:AE,MATCH($A7,Erfassung1!$BR:$BR,0)-1) -> 711 | F7: =INDEX(Erfassung1!AF:AF,MATCH($A7,Erfassung1!$BR:$BR,0)) -> 6 | G7: =INDEX(Erfassung1!AG:AG,MATCH($A7,Erfassung1!$BR:$BR,0)-1) -> 777 | H7: =INDEX(Erfassung1!AH:AH,MATCH($A7,Erfassung1!$BR:$BR,0)) -> 5 | I7: =INDEX(Erfassung1!AI:AI,MATCH($A7,Erfassung1!$BR:$BR,0)-1) -> 817 | J7: =INDEX(Erfassung1!AJ:AJ,MATCH($A7,Erfassung1!$BR:$BR,0)) -> 6 | K7: =INDEX(Erfassung1!AK:AK,MATCH($A7,Erfassung1!$BR:$BR,0)-1) -> 797 | L7: =INDEX(Erfassung1!AL:AL,MATCH($A7,Erfassung1!$BR:$BR,0)) -> 7 | M7: =INDEX(Erfassung1!AM:AM,MATCH($A7,Erfassung1!$BR:$BR,0)-1) -> 679 | N7: =INDEX(Erfassung1!AN:AN,MATCH($A7,Erfassung1!$BR:$BR,0)) -> 6 | O7: =INDEX(Erfassung1!AO:AO,MATCH($A7,Erfassung1!$BR:$BR,0)-1) -> 776 | P7: =INDEX(Erfassung1!AP:AP,MATCH($A7,Erfassung1!$BR:$BR,0)) -> 6 | Q7: =INDEX(Erfassung1!AQ:AQ,MATCH($A7,Erfassung1!$BR:$BR,0)-1) -> 745 | R7: =INDEX(Erfassung1!AR:AR,MATCH($A7,Erfassung1!$BR:$BR,0)) -> 4 | S7: =INDEX(Erfassung1!AS:AS,MATCH($A7,Erfassung1!$BR:$BR,0)-1) -> 823 | T7: =INDEX(Erfassung1!AT:AT,MATCH($A7,Erfassung1!$BR:$BR,0)) -> 6 | U7: =IFERROR(SUM(C7+E7+G7+I7+K7+M7+O7+Q7+S7),0) -> 6829 | V7: =IFERROR(SUM(D7+F7+H7+J7+L7+N7+P7+R7+T7),0) -> 51 | W7: =IFERROR(U7/INDEX(Erfassung1!BF:BF,MATCH(A7,Erfassung1!BR:BR,0)),0) -> 189.69444
A8: 2 | B8: =IFERROR(INDEX(Erfassung1!$AA:$AA,MATCH($A8,Erfassung1!$BR:$BR,0)-17),Schlüssel!B6) -> BC Comet Nürnberg | C8: =INDEX(Erfassung1!AC:AC,MATCH($A8,Erfassung1!$BR:$BR,0)-1) -> 784 | D8: =INDEX(Erfassung1!AD:AD,MATCH($A8,Erfassung1!$BR:$BR,0)) -> 6 | E8: =INDEX(Erfassung1!AE:AE,MATCH($A8,Erfassung1!$BR:$BR,0)-1) -> 732 | F8: =INDEX(Erfassung1!AF:AF,MATCH($A8,Erfassung1!$BR:$BR,0)) -> 6 | G8: =INDEX(Erfassung1!AG:AG,MATCH($A8,Erfassung1!$BR:$BR,0)-1) -> 801 | H8: =INDEX(Erfassung1!AH:AH,MATCH($A8,Erfassung1!$BR:$BR,0)) -> 6 | I8: =INDEX(Erfassung1!AI:AI,MATCH($A8,Erfassung1!$BR:$BR,0)-1) -> 751 | J8: =INDEX(Erfassung1!AJ:AJ,MATCH($A8,Erfassung1!$BR:$BR,0)) -> 5 | K8: =INDEX(Erfassung1!AK:AK,MATCH($A8,Erfassung1!$BR:$BR,0)-1) -> 742 | L8: =INDEX(Erfassung1!AL:AL,MATCH($A8,Erfassung1!$BR:$BR,0)) -> 5 | M8: =INDEX(Erfassung1!AM:AM,MATCH($A8,Erfassung1!$BR:$BR,0)-1) -> 632 | N8: =INDEX(Erfassung1!AN:AN,MATCH($A8,Erfassung1!$BR:$BR,0)) -> 1 | O8: =INDEX(Erfassung1!AO:AO,MATCH($A8,Erfassung1!$BR:$BR,0)-1) -> 716 | P8: =INDEX(Erfassung1!AP:AP,MATCH($A8,Erfassung1!$BR:$BR,0)) -> 6 | Q8: =INDEX(Erfassung1!AQ:AQ,MATCH($A8,Erfassung1!$BR:$BR,0)-1) -> 743 | R8: =INDEX(Erfassung1!AR:AR,MATCH($A8,Erfassung1!$BR:$BR,0)) -> 3 | S8: =INDEX(Erfassung1!AS:AS,MATCH($A8,Erfassung1!$BR:$BR,0)-1) -> 779 | T8: =INDEX(Erfassung1!AT:AT,MATCH($A8,Erfassung1!$BR:$BR,0)) -> 5 | U8: =IFERROR(SUM(C8+E8+G8+I8+K8+M8+O8+Q8+S8),0) -> 6680 | V8: =IFERROR(SUM(D8+F8+H8+J8+L8+N8+P8+R8+T8),0) -> 43 | W8: =IFERROR(U8/INDEX(Erfassung1!BF:BF,MATCH(A8,Erfassung1!BR:BR,0)),0) -> 185.55556
A9: 3 | B9: =IFERROR(INDEX(Erfassung1!$AA:$AA,MATCH($A9,Erfassung1!$BR:$BR,0)-17),Schlüssel!B7) -> Donaubowler Regensburg 1 | C9: =INDEX(Erfassung1!AC:AC,MATCH($A9,Erfassung1!$BR:$BR,0)-1) -> 726 | D9: =INDEX(Erfassung1!AD:AD,MATCH($A9,Erfassung1!$BR:$BR,0)) -> 6 | E9: =INDEX(Erfassung1!AE:AE,MATCH($A9,Erfassung1!$BR:$BR,0)-1) -> 666 | F9: =INDEX(Erfassung1!AF:AF,MATCH($A9,Erfassung1!$BR:$BR,0)) -> 2 | G9: =INDEX(Erfassung1!AG:AG,MATCH($A9,Erfassung1!$BR:$BR,0)-1) -> 773 | H9: =INDEX(Erfassung1!AH:AH,MATCH($A9,Erfassung1!$BR:$BR,0)) -> 5.5 | I9: =INDEX(Erfassung1!AI:AI,MATCH($A9,Erfassung1!$BR:$BR,0)-1) -> 720 | J9: =INDEX(Erfassung1!AJ:AJ,MATCH($A9,Erfassung1!$BR:$BR,0)) -> 6 | K9: =INDEX(Erfassung1!AK:AK,MATCH($A9,Erfassung1!$BR:$BR,0)-1) -> 720 | L9: =INDEX(Erfassung1!AL:AL,MATCH($A9,Erfassung1!$BR:$BR,0)) -> 2 | M9: =INDEX(Erfassung1!AM:AM,MATCH($A9,Erfassung1!$BR:$BR,0)-1) -> 786 | N9: =INDEX(Erfassung1!AN:AN,MATCH($A9,Erfassung1!$BR:$BR,0)) -> 7 | O9: =INDEX(Erfassung1!AO:AO,MATCH($A9,Erfassung1!$BR:$BR,0)-1) -> 681 | P9: =INDEX(Erfassung1!AP:AP,MATCH($A9,Erfassung1!$BR:$BR,0)) -> 1 | Q9: =INDEX(Erfassung1!AQ:AQ,MATCH($A9,Erfassung1!$BR:$BR,0)-1) -> 798 | R9: =INDEX(Erfassung1!AR:AR,MATCH($A9,Erfassung1!$BR:$BR,0)) -> 5 | S9: =INDEX(Erfassung1!AS:AS,MATCH($A9,Erfassung1!$BR:$BR,0)-1) -> 669 | T9: =INDEX(Erfassung1!AT:AT,MATCH($A9,Erfassung1!$BR:$BR,0)) -> 1 | U9: =IFERROR(SUM(C9+E9+G9+I9+K9+M9+O9+Q9+S9),0) -> 6539 | V9: =IFERROR(SUM(D9+F9+H9+J9+L9+N9+P9+R9+T9),0) -> 35.5 | W9: =IFERROR(U9/INDEX(Erfassung1!BF:BF,MATCH(A9,Erfassung1!BR:BR,0)),0) -> 181.63889
A10: 4 | B10: =IFERROR(INDEX(Erfassung1!$AA:$AA,MATCH($A10,Erfassung1!$BR:$BR,0)-17),Schlüssel!B8) -> Bowlinghaus Bamberg 1 | C10: =INDEX(Erfassung1!AC:AC,MATCH($A10,Erfassung1!$BR:$BR,0)-1) -> 665 | D10: =INDEX(Erfassung1!AD:AD,MATCH($A10,Erfassung1!$BR:$BR,0)) -> 2 | E10: =INDEX(Erfassung1!AE:AE,MATCH($A10,Erfassung1!$BR:$BR,0)-1) -> 802 | F10: =INDEX(Erfassung1!AF:AF,MATCH($A10,Erfassung1!$BR:$BR,0)) -> 7 | G10: =INDEX(Erfassung1!AG:AG,MATCH($A10,Erfassung1!$BR:$BR,0)-1) -> 738 | H10: =INDEX(Erfassung1!AH:AH,MATCH($A10,Erfassung1!$BR:$BR,0)) -> 1.5 | I10: =INDEX(Erfassung1!AI:AI,MATCH($A10,Erfassung1!$BR:$BR,0)-1) -> 727 | J10: =INDEX(Erfassung1!AJ:AJ,MATCH($A10,Erfassung1!$BR:$BR,0)) -> 1 | K10: =INDEX(Erfassung1!AK:AK,MATCH($A10,Erfassung1!$BR:$BR,0)-1) -> 714 | L10: =INDEX(Erfassung1!AL:AL,MATCH($A10,Erfassung1!$BR:$BR,0)) -> 4 | M10: =INDEX(Erfassung1!AM:AM,MATCH($A10,Erfassung1!$BR:$BR,0)-1) -> 729 | N10: =INDEX(Erfassung1!AN:AN,MATCH($A10,Erfassung1!$BR:$BR,0)) -> 6 | O10: =INDEX(Erfassung1!AO:AO,MATCH($A10,Erfassung1!$BR:$BR,0)-1) -> 696 | P10: =INDEX(Erfassung1!AP:AP,MATCH($A10,Erfassung1!$BR:$BR,0)) -> 2 | Q10: =INDEX(Erfassung1!AQ:AQ,MATCH($A10,Erfassung1!$BR:$BR,0)-1) -> 725 | R10: =INDEX(Erfassung1!AR:AR,MATCH($A10,Erfassung1!$BR:$BR,0)) -> 6 | S10: =INDEX(Erfassung1!AS:AS,MATCH($A10,Erfassung1!$BR:$BR,0)-1) -> 615 | T10: =INDEX(Erfassung1!AT:AT,MATCH($A10,Erfassung1!$BR:$BR,0)) -> 2 | U10: =IFERROR(SUM(C10+E10+G10+I10+K10+M10+O10+Q10+S10),0) -> 6411 | V10: =IFERROR(SUM(D10+F10+H10+J10+L10+N10+P10+R10+T10),0) -> 31.5 | W10: =IFERROR(U10/INDEX(Erfassung1!BF:BF,MATCH(A10,Erfassung1!BR:BR,0)),0) -> 178.08333
A11: 5 | B11: =IFERROR(INDEX(Erfassung1!$AA:$AA,MATCH($A11,Erfassung1!$BR:$BR,0)-17),Schlüssel!B9) -> Werdenfels 1 | C11: =INDEX(Erfassung1!AC:AC,MATCH($A11,Erfassung1!$BR:$BR,0)-1) -> 649 | D11: =INDEX(Erfassung1!AD:AD,MATCH($A11,Erfassung1!$BR:$BR,0)) -> 2.5 | E11: =INDEX(Erfassung1!AE:AE,MATCH($A11,Erfassung1!$BR:$BR,0)-1) -> 660 | F11: =INDEX(Erfassung1!AF:AF,MATCH($A11,Erfassung1!$BR:$BR,0)) -> 1 | G11: =INDEX(Erfassung1!AG:AG,MATCH($A11,Erfassung1!$BR:$BR,0)-1) -> 838 | H11: =INDEX(Erfassung1!AH:AH,MATCH($A11,Erfassung1!$BR:$BR,0)) -> 6 | I11: =INDEX(Erfassung1!AI:AI,MATCH($A11,Erfassung1!$BR:$BR,0)-1) -> 716 | J11: =INDEX(Erfassung1!AJ:AJ,MATCH($A11,Erfassung1!$BR:$BR,0)) -> 1 | K11: =INDEX(Erfassung1!AK:AK,MATCH($A11,Erfassung1!$BR:$BR,0)-1) -> 763 | L11: =INDEX(Erfassung1!AL:AL,MATCH($A11,Erfassung1!$BR:$BR,0)) -> 6 | M11: =INDEX(Erfassung1!AM:AM,MATCH($A11,Erfassung1!$BR:$BR,0)-1) -> 649 | N11: =INDEX(Erfassung1!AN:AN,MATCH($A11,Erfassung1!$BR:$BR,0)) -> 0 | O11: =INDEX(Erfassung1!AO:AO,MATCH($A11,Erfassung1!$BR:$BR,0)-1) -> 699 | P11: =INDEX(Erfassung1!AP:AP,MATCH($A11,Erfassung1!$BR:$BR,0)) -> 5 | Q11: =INDEX(Erfassung1!AQ:AQ,MATCH($A11,Erfassung1!$BR:$BR,0)-1) -> 710 | R11: =INDEX(Erfassung1!AR:AR,MATCH($A11,Erfassung1!$BR:$BR,0)) -> 5 | S11: =INDEX(Erfassung1!AS:AS,MATCH($A11,Erfassung1!$BR:$BR,0)-1) -> 703 | T11: =INDEX(Erfassung1!AT:AT,MATCH($A11,Erfassung1!$BR:$BR,0)) -> 1 | U11: =IFERROR(SUM(C11+E11+G11+I11+K11+M11+O11+Q11+S11),0) -> 6387 | V11: =IFERROR(SUM(D11+F11+H11+J11+L11+N11+P11+R11+T11),0) -> 27.5 | W11: =IFERROR(U11/INDEX(Erfassung1!BF:BF,MATCH(A11,Erfassung1!BR:BR,0)),0) -> 177.41667
A12: 6 | B12: =IFERROR(INDEX(Erfassung1!$AA:$AA,MATCH($A12,Erfassung1!$BR:$BR,0)-17),Schlüssel!B10) -> SG DJK Rimpar 1 | C12: =INDEX(Erfassung1!AC:AC,MATCH($A12,Erfassung1!$BR:$BR,0)-1) -> 725 | D12: =INDEX(Erfassung1!AD:AD,MATCH($A12,Erfassung1!$BR:$BR,0)) -> 1 | E12: =INDEX(Erfassung1!AE:AE,MATCH($A12,Erfassung1!$BR:$BR,0)-1) -> 702 | F12: =INDEX(Erfassung1!AF:AF,MATCH($A12,Erfassung1!$BR:$BR,0)) -> 5 | G12: =INDEX(Erfassung1!AG:AG,MATCH($A12,Erfassung1!$BR:$BR,0)-1) -> 663 | H12: =INDEX(Erfassung1!AH:AH,MATCH($A12,Erfassung1!$BR:$BR,0)) -> 2 | I12: =INDEX(Erfassung1!AI:AI,MATCH($A12,Erfassung1!$BR:$BR,0)-1) -> 743 | J12: =INDEX(Erfassung1!AJ:AJ,MATCH($A12,Erfassung1!$BR:$BR,0)) -> 6 | K12: =INDEX(Erfassung1!AK:AK,MATCH($A12,Erfassung1!$BR:$BR,0)-1) -> 707 | L12: =INDEX(Erfassung1!AL:AL,MATCH($A12,Erfassung1!$BR:$BR,0)) -> 0 | M12: =INDEX(Erfassung1!AM:AM,MATCH($A12,Erfassung1!$BR:$BR,0)-1) -> 752 | N12: =INDEX(Erfassung1!AN:AN,MATCH($A12,Erfassung1!$BR:$BR,0)) -> 6 | O12: =INDEX(Erfassung1!AO:AO,MATCH($A12,Erfassung1!$BR:$BR,0)-1) -> 665 | P12: =INDEX(Erfassung1!AP:AP,MATCH($A12,Erfassung1!$BR:$BR,0)) -> 0 | Q12: =INDEX(Erfassung1!AQ:AQ,MATCH($A12,Erfassung1!$BR:$BR,0)-1) -> 673 | R12: =INDEX(Erfassung1!AR:AR,MATCH($A12,Erfassung1!$BR:$BR,0)) -> 2 | S12: =INDEX(Erfassung1!AS:AS,MATCH($A12,Erfassung1!$BR:$BR,0)-1) -> 621 | T12: =INDEX(Erfassung1!AT:AT,MATCH($A12,Erfassung1!$BR:$BR,0)) -> 5 | U12: =IFERROR(SUM(C12+E12+G12+I12+K12+M12+O12+Q12+S12),0) -> 6251 | V12: =IFERROR(SUM(D12+F12+H12+J12+L12+N12+P12+R12+T12),0) -> 27 | W12: =IFERROR(U12/INDEX(Erfassung1!BF:BF,MATCH(A12,Erfassung1!BR:BR,0)),0) -> 173.63889
A13: 7 | B13: =IFERROR(INDEX(Erfassung1!$AA:$AA,MATCH($A13,Erfassung1!$BR:$BR,0)-17),Schlüssel!B11) -> BC EMAX Unterföhring 2 | C13: =INDEX(Erfassung1!AC:AC,MATCH($A13,Erfassung1!$BR:$BR,0)-1) -> 704 | D13: =INDEX(Erfassung1!AD:AD,MATCH($A13,Erfassung1!$BR:$BR,0)) -> 4.5 | E13: =INDEX(Erfassung1!AE:AE,MATCH($A13,Erfassung1!$BR:$BR,0)-1) -> 703 | F13: =INDEX(Erfassung1!AF:AF,MATCH($A13,Erfassung1!$BR:$BR,0)) -> 6 | G13: =INDEX(Erfassung1!AG:AG,MATCH($A13,Erfassung1!$BR:$BR,0)-1) -> 692 | H13: =INDEX(Erfassung1!AH:AH,MATCH($A13,Erfassung1!$BR:$BR,0)) -> 5 | I13: =INDEX(Erfassung1!AI:AI,MATCH($A13,Erfassung1!$BR:$BR,0)-1) -> 716 | J13: =INDEX(Erfassung1!AJ:AJ,MATCH($A13,Erfassung1!$BR:$BR,0)) -> 2 | K13: =INDEX(Erfassung1!AK:AK,MATCH($A13,Erfassung1!$BR:$BR,0)-1) -> 687 | L13: =INDEX(Erfassung1!AL:AL,MATCH($A13,Erfassung1!$BR:$BR,0)) -> 3 | M13: =INDEX(Erfassung1!AM:AM,MATCH($A13,Erfassung1!$BR:$BR,0)-1) -> 622 | N13: =INDEX(Erfassung1!AN:AN,MATCH($A13,Erfassung1!$BR:$BR,0)) -> 1 | O13: =INDEX(Erfassung1!AO:AO,MATCH($A13,Erfassung1!$BR:$BR,0)-1) -> 665 | P13: =INDEX(Erfassung1!AP:AP,MATCH($A13,Erfassung1!$BR:$BR,0)) -> 2 | Q13: =INDEX(Erfassung1!AQ:AQ,MATCH($A13,Erfassung1!$BR:$BR,0)-1) -> 741 | R13: =INDEX(Erfassung1!AR:AR,MATCH($A13,Erfassung1!$BR:$BR,0)) -> 2 | S13: =INDEX(Erfassung1!AS:AS,MATCH($A13,Erfassung1!$BR:$BR,0)-1) -> 684 | T13: =INDEX(Erfassung1!AT:AT,MATCH($A13,Erfassung1!$BR:$BR,0)) -> 1 | U13: =IFERROR(SUM(C13+E13+G13+I13+K13+M13+O13+Q13+S13),0) -> 6214 | V13: =IFERROR(SUM(D13+F13+H13+J13+L13+N13+P13+R13+T13),0) -> 26.5 | W13: =IFERROR(U13/INDEX(Erfassung1!BF:BF,MATCH(A13,Erfassung1!BR:BR,0)),0) -> 172.61111
A14: 8 | B14: =IFERROR(INDEX(Erfassung1!$AA:$AA,MATCH($A14,Erfassung1!$BR:$BR,0)-17),Schlüssel!B12) -> Schanzer Ingolstadt 1 | C14: =INDEX(Erfassung1!AC:AC,MATCH($A14,Erfassung1!$BR:$BR,0)-1) -> 645 | D14: =INDEX(Erfassung1!AD:AD,MATCH($A14,Erfassung1!$BR:$BR,0)) -> 1 | E14: =INDEX(Erfassung1!AE:AE,MATCH($A14,Erfassung1!$BR:$BR,0)-1) -> 681 | F14: =INDEX(Erfassung1!AF:AF,MATCH($A14,Erfassung1!$BR:$BR,0)) -> 1 | G14: =INDEX(Erfassung1!AG:AG,MATCH($A14,Erfassung1!$BR:$BR,0)-1) -> 723 | H14: =INDEX(Erfassung1!AH:AH,MATCH($A14,Erfassung1!$BR:$BR,0)) -> 2 | I14: =INDEX(Erfassung1!AI:AI,MATCH($A14,Erfassung1!$BR:$BR,0)-1) -> 774 | J14: =INDEX(Erfassung1!AJ:AJ,MATCH($A14,Erfassung1!$BR:$BR,0)) -> 6 | K14: =INDEX(Erfassung1!AK:AK,MATCH($A14,Erfassung1!$BR:$BR,0)-1) -> 668 | L14: =INDEX(Erfassung1!AL:AL,MATCH($A14,Erfassung1!$BR:$BR,0)) -> 1 | M14: =INDEX(Erfassung1!AM:AM,MATCH($A14,Erfassung1!$BR:$BR,0)-1) -> 717 | N14: =INDEX(Erfassung1!AN:AN,MATCH($A14,Erfassung1!$BR:$BR,0)) -> 5 | O14: =INDEX(Erfassung1!AO:AO,MATCH($A14,Erfassung1!$BR:$BR,0)-1) -> 730 | P14: =INDEX(Erfassung1!AP:AP,MATCH($A14,Erfassung1!$BR:$BR,0)) -> 7 | Q14: =INDEX(Erfassung1!AQ:AQ,MATCH($A14,Erfassung1!$BR:$BR,0)-1) -> 655 | R14: =INDEX(Erfassung1!AR:AR,MATCH($A14,Erfassung1!$BR:$BR,0)) -> 1 | S14: =INDEX(Erfassung1!AS:AS,MATCH($A14,Erfassung1!$BR:$BR,0)-1) -> 694 | T14: =INDEX(Erfassung1!AT:AT,MATCH($A14,Erfassung1!$BR:$BR,0)) -> 2 | U14: =IFERROR(SUM(C14+E14+G14+I14+K14+M14+O14+Q14+S14),0) -> 6287 | V14: =IFERROR(SUM(D14+F14+H14+J14+L14+N14+P14+R14+T14),0) -> 26 | W14: =IFERROR(U14/INDEX(Erfassung1!BF:BF,MATCH(A14,Erfassung1!BR:BR,0)),0) -> 174.63889
A15: 9 | B15: =IFERROR(INDEX(Erfassung1!$AA:$AA,MATCH($A15,Erfassung1!$BR:$BR,0)-17),Schlüssel!B13) -> SG Rottendorf 1 | C15: =INDEX(Erfassung1!AC:AC,MATCH($A15,Erfassung1!$BR:$BR,0)-1) -> 684 | D15: =INDEX(Erfassung1!AD:AD,MATCH($A15,Erfassung1!$BR:$BR,0)) -> 5 | E15: =INDEX(Erfassung1!AE:AE,MATCH($A15,Erfassung1!$BR:$BR,0)-1) -> 678 | F15: =INDEX(Erfassung1!AF:AF,MATCH($A15,Erfassung1!$BR:$BR,0)) -> 1 | G15: =INDEX(Erfassung1!AG:AG,MATCH($A15,Erfassung1!$BR:$BR,0)-1) -> 734 | H15: =INDEX(Erfassung1!AH:AH,MATCH($A15,Erfassung1!$BR:$BR,0)) -> 1 | I15: =INDEX(Erfassung1!AI:AI,MATCH($A15,Erfassung1!$BR:$BR,0)-1) -> 678 | J15: =INDEX(Erfassung1!AJ:AJ,MATCH($A15,Erfassung1!$BR:$BR,0)) -> 1 | K15: =INDEX(Erfassung1!AK:AK,MATCH($A15,Erfassung1!$BR:$BR,0)-1) -> 712 | L15: =INDEX(Erfassung1!AL:AL,MATCH($A15,Erfassung1!$BR:$BR,0)) -> 1.5 | M15: =INDEX(Erfassung1!AM:AM,MATCH($A15,Erfassung1!$BR:$BR,0)-1) -> 689 | N15: =INDEX(Erfassung1!AN:AN,MATCH($A15,Erfassung1!$BR:$BR,0)) -> 2 | O15: =INDEX(Erfassung1!AO:AO,MATCH($A15,Erfassung1!$BR:$BR,0)-1) -> 623 | P15: =INDEX(Erfassung1!AP:AP,MATCH($A15,Erfassung1!$BR:$BR,0)) -> 1 | Q15: =INDEX(Erfassung1!AQ:AQ,MATCH($A15,Erfassung1!$BR:$BR,0)-1) -> 712 | R15: =INDEX(Erfassung1!AR:AR,MATCH($A15,Erfassung1!$BR:$BR,0)) -> 5 | S15: =INDEX(Erfassung1!AS:AS,MATCH($A15,Erfassung1!$BR:$BR,0)-1) -> 799 | T15: =INDEX(Erfassung1!AT:AT,MATCH($A15,Erfassung1!$BR:$BR,0)) -> 6 | U15: =IFERROR(SUM(C15+E15+G15+I15+K15+M15+O15+Q15+S15),0) -> 6309 | V15: =IFERROR(SUM(D15+F15+H15+J15+L15+N15+P15+R15+T15),0) -> 23.5 | W15: =IFERROR(U15/INDEX(Erfassung1!BF:BF,MATCH(A15,Erfassung1!BR:BR,0)),0) -> 175.25
A16: 10 | B16: =IFERROR(INDEX(Erfassung1!$AA:$AA,MATCH($A16,Erfassung1!$BR:$BR,0)-17),Schlüssel!B14) -> Bajuwaren München 1 | C16: =INDEX(Erfassung1!AC:AC,MATCH($A16,Erfassung1!$BR:$BR,0)-1) -> 651 | D16: =INDEX(Erfassung1!AD:AD,MATCH($A16,Erfassung1!$BR:$BR,0)) -> 2 | E16: =INDEX(Erfassung1!AE:AE,MATCH($A16,Erfassung1!$BR:$BR,0)-1) -> 719 | F16: =INDEX(Erfassung1!AF:AF,MATCH($A16,Erfassung1!$BR:$BR,0)) -> 0 | G16: =INDEX(Erfassung1!AG:AG,MATCH($A16,Erfassung1!$BR:$BR,0)-1) -> 727 | H16: =INDEX(Erfassung1!AH:AH,MATCH($A16,Erfassung1!$BR:$BR,0)) -> 1 | I16: =INDEX(Erfassung1!AI:AI,MATCH($A16,Erfassung1!$BR:$BR,0)-1) -> 684 | J16: =INDEX(Erfassung1!AJ:AJ,MATCH($A16,Erfassung1!$BR:$BR,0)) -> 1 | K16: =INDEX(Erfassung1!AK:AK,MATCH($A16,Erfassung1!$BR:$BR,0)-1) -> 721 | L16: =INDEX(Erfassung1!AL:AL,MATCH($A16,Erfassung1!$BR:$BR,0)) -> 5.5 | M16: =INDEX(Erfassung1!AM:AM,MATCH($A16,Erfassung1!$BR:$BR,0)-1) -> 647 | N16: =INDEX(Erfassung1!AN:AN,MATCH($A16,Erfassung1!$BR:$BR,0)) -> 1 | O16: =INDEX(Erfassung1!AO:AO,MATCH($A16,Erfassung1!$BR:$BR,0)-1) -> 688 | P16: =INDEX(Erfassung1!AP:AP,MATCH($A16,Erfassung1!$BR:$BR,0)) -> 5 | Q16: =INDEX(Erfassung1!AQ:AQ,MATCH($A16,Erfassung1!$BR:$BR,0)-1) -> 694 | R16: =INDEX(Erfassung1!AR:AR,MATCH($A16,Erfassung1!$BR:$BR,0)) -> 2 | S16: =INDEX(Erfassung1!AS:AS,MATCH($A16,Erfassung1!$BR:$BR,0)-1) -> 710 | T16: =INDEX(Erfassung1!AT:AT,MATCH($A16,Erfassung1!$BR:$BR,0)) -> 6 | U16: =IFERROR(SUM(C16+E16+G16+I16+K16+M16+O16+Q16+S16),0) -> 6241 | V16: =IFERROR(SUM(D16+F16+H16+J16+L16+N16+P16+R16+T16),0) -> 23.5 | W16: =IFERROR(U16/INDEX(Erfassung1!BF:BF,MATCH(A16,Erfassung1!BR:BR,0)),0) -> 173.36111
C26: =IF(N26="","",IFERROR(INDEX(Erfassung1!AA:AA,MATCH(3,Erfassung1!BZ:BZ,0)),"")) | H26: =IF(C26="","",INDEX(Erfassung1!BU:BU,MATCH(C26,Erfassung1!AA:AA,0))) | N26: =IF(IFERROR(ROUND(INDEX(Erfassung1!BW:BW,MATCH(3,Erfassung1!BZ:BZ,0)),0),0)=0,"",IFERROR(ROUND(INDEX(Erfassung1!BW:BW,MATCH(3,Erfassung1!BZ:BZ,0)),0),0))

Sheet Erfassung1
B1: =AA1 -> Team-Nr. | D1: =AC1 -> Liga: | F1: =AE1 -> Bayernliga Herren | S1: Datum: | U1: =AT1 -> 04.10./05.10. | AA1: Team-Nr. | AC1: Liga: | AE1: =Schlüssel!$C$1 -> Bayernliga Herren | AR1: Datum: | AT1: =VLOOKUP(AS2,Spielorte!$A$1:$C$6,2) -> 04.10./05.10. | BA1: Punkte | BB1: Pins | BC1: Team | BD1: EDV | BE1: Pins | BF1: Spiele | BG1: Spiele RL | BH1: Sp1 | BI1: Sp2 | BJ1: Sp3 | BK1: Sp4 | BL1: Sp5 | BM1: Sp6 | BN1: Sp7 | BO1: Sp8 | BP1: Sp9 | BQ1: Tagestabelle Wert | BR1: Rang | BS1: Einzelspiel | BT1: Bestes | BU1: Team | BV1: Rang | BW1: Serie | BX1: Komplett | BY1: Bester Schnitt | BZ1: Rang
B2: =AA2 -> 1 | D2: Ort: | F2: =AE2 -> Regensburg Super Bowl | S2: Spieltag: | T2: =AS2 -> 1 | AA2: 1 | AC2: Ort: | AE2: =VLOOKUP(AS2,Spielorte!$A$1:$C$6,3) -> Regensburg Super Bowl | AR2: Spieltag: | AS2: 1
B3: =VLOOKUP(B2,Schlüssel!$A$5:$B$14,2) -> BC Comet Nürnberg | AA3: =VLOOKUP(AA2,Schlüssel!$A$5:$B$14,2) -> BC Comet Nürnberg | AS3: , | AY3: Startbahn
D4: Bahn | E4: =VLOOKUP($B$2,Schlüssel!$A$5:$DZ$14,13) -> 7 | F4: Bahn | G4: =VLOOKUP($B$2,Schlüssel!$A$5:$DZ$14,14) -> 6 | H4: Bahn | I4: =VLOOKUP($B$2,Schlüssel!$A$5:$DZ$14,15) -> 9 | J4: Bahn | K4: =VLOOKUP($B$2,Schlüssel!$A$5:$DZ$14,16) -> 11 | L4: Bahn | M4: =VLOOKUP($B$2,Schlüssel!$A$5:$DZ$14,17) -> 3 | N4: Bahn | O4: =VLOOKUP($B$2,Schlüssel!$A$5:$DZ$14,18) -> 5 | P4: Bahn | Q4: =VLOOKUP($B$2,Schlüssel!$A$5:$DZ$14,19) -> 12 | R4: Bahn | S4: =VLOOKUP($B$2,Schlüssel!$A$5:$DZ$14,20) -> 10 | T4: Bahn | U4: =VLOOKUP($B$2,Schlüssel!$A$5:$DZ$14,21) -> 4 | AC4: Bahn | AD4: =VLOOKUP($AA2,Schlüssel!$A$5:$DZ$14,13) -> 7 | AE4: Bahn | AF4: =VLOOKUP($AA2,Schlüssel!$A$5:$DZ$14,14) -> 6 | AG4: Bahn | AH4: =VLOOKUP($AA2,Schlüssel!$A$5:$DZ$14,15) -> 9 | AI4: Bahn | AJ4: =VLOOKUP($AA2,Schlüssel!$A$5:$DZ$14,16) -> 11 | AK4: Bahn | AL4: =VLOOKUP($AA2,Schlüssel!$A$5:$DZ$14,17) -> 3 | AM4: Bahn | AN4: =VLOOKUP($AA2,Schlüssel!$A$5:$DZ$14,18) -> 5 | AO4: Bahn | AP4: =VLOOKUP($AA2,Schlüssel!$A$5:$DZ$14,19) -> 12 | AQ4: Bahn | AR4: =VLOOKUP($AA2,Schlüssel!$A$5:$DZ$14,20) -> 10 | AS4: Bahn | AT4: =VLOOKUP($AA2,Schlüssel!$A$5:$DZ$14,21) -> 4 | AY4: 3
B5: Spieler | D5: Spiel 1 | F5: Spiel 2 | H5: Spiel 3 | J5: Spiel 4 | L5: Spiel 5 | N5: Spiel 6 | P5: Spiel 7 | R5: Spiel 8 | T5: Spiel 9 | V5: Gesamt | AA5: Spieler | AC5: Spiel 1 | AE5: Spiel 2 | AG5: Spiel 3 | AI5: Spiel 4 | AK5: Spiel 5 | AM5: Spiel 6 | AO5: Spiel 7 | AQ5: Spiel 8 | AS5: Spiel 9 | AU5: Gesamt
B6: Name | C6: RL-Nr. | D6: Pins | E6: Pkt. | F6: Pins | G6: Pkt. | H6: Pins | I6: Pkt. | J6: Pins | K6: Pkt. | L6: Pins | M6: Pkt. | N6: Pins | O6: Pkt. | P6: Pins | Q6: Pkt. | R6: Pins | S6: Pkt. | T6: Pins | U6: Pkt. | V6: Pins | W6: Pkt. | AA6: Name | AB6: RL-Nr. | AC6: Pins | AD6: Pkt. | AE6: Pins | AF6: Pkt. | AG6: Pins | AH6: Pkt. | AI6: Pins | AJ6: Pkt. | AK6: Pins | AL6: Pkt. | AM6: Pins | AN6: Pkt. | AO6: Pins | AP6: Pkt. | AQ6: Pins | AR6: Pkt. | AS6: Pins | AT6: Pkt. | AU6: Pins | AV6: Pkt.
A7: Spieler 1 | B7: =IF(AA7=0,"",AA7) -> Mittelmaier Andreas | C7: =IF(AB7=0,"",AB7) -> 16896 | D7: =IF(AC7=0,"",AC7) -> 180 | E7: =IF(AD7="","",AD7) -> 1 | F7: =IF(AE7=0,"",AE7) -> 139 | G7: =IF(AF7="","",AF7) -> 0 | H7: =IF(AG7=0,"",AG7) | I7: =IF(AH7="","",AH7) -> 1 | J7: =IF(AI7=0,"",AI7) | K7: =IF(AJ7="","",AJ7) -> 1 | L7: =IF(AK7=0,"",AK7) | M7: =IF(AL7="","",AL7) -> 1 | N7: =IF(AM7=0,"",AM7) | O7: =IF(AN7="","",AN7) -> 1 | P7: =IF(AO7=0,"",AO7) | Q7: =IF(AP7="","",AP7) -> 0 | R7: =IF(AQ7=0,"",AQ7) | S7: =IF(AR7="","",AR7) -> 1 | T7: =IF(AS7=0,"",AS7) | U7: =IF(AT7="","",AT7) -> 0 | V7: =IF(AU7=0,"",AU7) -> 319 | W7: =IF(AV7="","",AV7) -> 6 | Z7: Spieler 1 | AA7: =IF(AB7=0,"",_xlfn.CONCAT(VLOOKUP(AB7,Starter!A:C,2,0))) -> Mittelmaier Andreas | AB7: 16896 | AC7: 180 | AD7: =IF(SUM(AC7:AC9)+AC25=0,0,IF(SUM(ABS(AC7),ABS(AC8),ABS(AC9))=AC25,0.5,IF(SUM(ABS(AC7),ABS(AC8),ABS(AC9))>AC25,1,0))) -> 1 | AE7: 139 | AF7: =IF(SUM(AE7:AE9)+AE25=0,0,IF(SUM(ABS(AE7),ABS(AE8),ABS(AE9))=AE25,0.5,IF(SUM(ABS(AE7),ABS(AE8),ABS(AE9))>AE25,1,0))) -> 0 | AH7: =IF(SUM(AG7:AG9)+AG25=0,0,IF(SUM(ABS(AG7),ABS(AG8),ABS(AG9))=AG25,0.5,IF(SUM(ABS(AG7),ABS(AG8),ABS(AG9))>AG25,1,0))) -> 1 | AJ7: =IF(SUM(AI7:AI9)+AI25=0,0,IF(SUM(ABS(AI7),ABS(AI8),ABS(AI9))=AI25,0.5,IF(SUM(ABS(AI7),ABS(AI8),ABS(AI9))>AI25,1,0))) -> 1 | AL7: =IF(SUM(AK7:AK9)+AK25=0,0,IF(SUM(ABS(AK7),ABS(AK8),ABS(AK9))=AK25,0.5,IF(SUM(ABS(AK7),ABS(AK8),ABS(AK9))>AK25,1,0))) -> 1 | AN7: =IF(SUM(AM7:AM9)+AM25=0,0,IF(SUM(ABS(AM7),ABS(AM8),ABS(AM9))=AM25,0.5,IF(SUM(ABS(AM7),ABS(AM8),ABS(AM9))>AM25,1,0))) -> 1 | AP7: =IF(SUM(AO7:AO9)+AO25=0,0,IF(SUM(ABS(AO7),ABS(AO8),ABS(AO9))=AO25,0.5,IF(SUM(ABS(AO7),ABS(AO8),ABS(AO9))>AO25,1,0))) -> 0 | AR7: =IF(SUM(AQ7:AQ9)+AQ25=0,0,IF(SUM(ABS(AQ7),ABS(AQ8),ABS(AQ9))=AQ25,0.5,IF(SUM(ABS(AQ7),ABS(AQ8),ABS(AQ9))>AQ25,1,0))) -> 1 | AT7: =IF(SUM(AS7:AS9)+AS25=0,0,IF(SUM(ABS(AS7),ABS(AS8),ABS(AS9))=AS25,0.5,IF(SUM(ABS(AS7),ABS(AS8),ABS(AS9))>AS25,1,0))) -> 0 | AU7: =ABS(SUM(AC7:AC7))+ABS(SUM(AE7:AE7))+ABS(SUM(AG7:AG7))+ABS(SUM(AI7:AI7))+ABS(SUM(AK7:AK7))+ABS(SUM(AM7:AM7))+ABS(SUM(AO7:AO7))+ABS(SUM(AQ7:AQ7))+ABS(SUM(AS7:AS7)) -> 319 | AV7: =SUM(AD7+AF7+AH7+AJ7+AL7+AN7+AP7+AR7+AT7) -> 6 | BD7: =+AB7 -> 16896 | BE7: =+AU7 -> 319 | BF7: =COUNT(BH7:BP7) -> 2 | BG7: =COUNTIF(BH7:BP7,">0") -> 2 | BH7: =IF(AC7=0,"",AC7) -> 180 | BI7: =IF(AE7=0,"",AE7) -> 139 | BJ7: =IF(AG7=0,"",AG7) | BK7: =IF(AI7=0,"",AI7) | BL7: =IF(AK7=0,"",AK7) | BM7: =IF(AM7=0,"",AM7) | BN7: =IF(AO7=0,"",AO7) | BO7: =IF(AQ7=0,"",AQ7) | BP7: =IF(AS7=0,"",AS7) | BS7: =MAX(BH7:BP7) -> 180 | BT7: =IF(BS7<MAX(BS:BS),0,BS7+ROW()/1000000000) -> 0 | BU7: =+AA3 -> BC Comet Nürnberg | BV7: =RANK(BT7,BT:BT) -> 2 | BW7: =SUMIF(BH7:BP7,">0") -> 319 | BX7: =IF(COUNTIF(BH7:BP7,">0")<Spielorte!$A$23,0,BE7/Spielorte!$A$23) -> 0 | BY7: =IF(BX7<MAX(BX:BX),0,BX7+ROW()/1000000000) -> 0 | BZ7: =IF(BY7=0,0,RANK(BY7,BY:BY)) -> 0
B8: =IF(AA8=0,"",AA8) -> Schwarz Jan | C8: =IF(AB8=0,"",AB8) -> 7734 | D8: =IF(AC8=0,"",AC8) | F8: =IF(AE8=0,"",AE8) | H8: =IF(AG8=0,"",AG8) -> 206 | J8: =IF(AI8=0,"",AI8) -> 242 | L8: =IF(AK8=0,"",AK8) | N8: =IF(AM8=0,"",AM8) | P8: =IF(AO8=0,"",AO8) | R8: =IF(AQ8=0,"",AQ8) | T8: =IF(AS8=0,"",AS8) | V8: =IF(AU8=0,"",AU8) -> 448 | AA8: =IF(AB8=0,"",_xlfn.CONCAT(VLOOKUP(AB8,Starter!A:C,2,0))) -> Schwarz Jan | AB8: 7734 | AG8: 206 | AI8: 242 | AU8: =ABS(SUM(AC8:AC8))+ABS(SUM(AE8:AE8))+ABS(SUM(AG8:AG8))+ABS(SUM(AI8:AI8))+ABS(SUM(AK8:AK8))+ABS(SUM(AM8:AM8))+ABS(SUM(AO8:AO8))+ABS(SUM(AQ8:AQ8))+ABS(SUM(AS8:AS8)) -> 448 | BD8: =+AB8 -> 7734 | BE8: =+AU8 -> 448 | BF8: =COUNT(BH8:BP8) -> 2 | BG8: =COUNTIF(BH8:BP8,">0") -> 2 | BH8: =IF(AC8=0,"",AC8) | BI8: =IF(AE8=0,"",AE8) | BJ8: =IF(AG8=0,"",AG8) -> 206 | BK8: =IF(AI8=0,"",AI8) -> 242 | BL8: =IF(AK8=0,"",AK8) | BM8: =IF(AM8=0,"",AM8) | BN8: =IF(AO8=0,"",AO8) | BO8: =IF(AQ8=0,"",AQ8) | BP8: =IF(AS8=0,"",AS8) | BS8: =MAX(BH8:BP8) -> 242 | BT8: =IF(BS8<MAX(BS:BS),0,BS8+ROW()/1000000000) -> 0 | BU8: =+BU7 -> BC Comet Nürnberg | BV8: =RANK(BT8,BT:BT) -> 2 | BW8: =SUMIF(BH8:BP8,">0") -> 448 | BX8: =IF(COUNTIF(BH8:BP8,">0")<Spielorte!$A$23,0,BE8/Spielorte!$A$23) -> 0 | BY8: =IF(BX8<MAX(BX:BX),0,BX8+ROW()/1000000000) -> 0 | BZ8: =IF(BY8=0,0,RANK(BY8,BY:BY)) -> 0
B9: =IF(AA9=0,"",AA9) -> Schick Andreas | C9: =IF(AB9=0,"",AB9) -> 7102 | D9: =IF(AC9=0,"",AC9) | F9: =IF(AE9=0,"",AE9) | H9: =IF(AG9=0,"",AG9) | J9: =IF(AI9=0,"",AI9) | L9: =IF(AK9=0,"",AK9) -> 208 | N9: =IF(AM9=0,"",AM9) -> 176 | P9: =IF(AO9=0,"",AO9) -> 160 | R9: =IF(AQ9=0,"",AQ9) -> 185 | T9: =IF(AS9=0,"",AS9) -> 142 | V9: =IF(AU9=0,"",AU9) -> 871 | AA9: =IF(AB9=0,"",_xlfn.CONCAT(VLOOKUP(AB9,Starter!A:C,2,0))) -> Schick Andreas | AB9: 7102 | AK9: 208 | AM9: 176 | AO9: 160 | AQ9: 185 | AS9: 142 | AU9: =ABS(SUM(AC9:AC9))+ABS(SUM(AE9:AE9))+ABS(SUM(AG9:AG9))+ABS(SUM(AI9:AI9))+ABS(SUM(AK9:AK9))+ABS(SUM(AM9:AM9))+ABS(SUM(AO9:AO9))+ABS(SUM(AQ9:AQ9))+ABS(SUM(AS9:AS9)) -> 871 | BD9: =+AB9 -> 7102 | BE9: =+AU9 -> 871 | BF9: =COUNT(BH9:BP9) -> 5 | BG9: =COUNTIF(BH9:BP9,">0") -> 5 | BH9: =IF(AC9=0,"",AC9) | BI9: =IF(AE9=0,"",AE9) | BJ9: =IF(AG9=0,"",AG9) | BK9: =IF(AI9=0,"",AI9) | BL9: =IF(AK9=0,"",AK9) -> 208 | BM9: =IF(AM9=0,"",AM9) -> 176 | BN9: =IF(AO9=0,"",AO9) -> 160 | BO9: =IF(AQ9=0,"",AQ9) -> 185 | BP9: =IF(AS9=0,"",AS9) -> 142 | BS9: =MAX(BH9:BP9) -> 208 | BT9: =IF(BS9<MAX(BS:BS),0,BS9+ROW()/1000000000) -> 0 | BU9: =+BU8 -> BC Comet Nürnberg | BV9: =RANK(BT9,BT:BT) -> 2 | BW9: =SUMIF(BH9:BP9,">0") -> 871 | BX9: =IF(COUNTIF(BH9:BP9,">0")<Spielorte!$A$23,0,BE9/Spielorte!$A$23) -> 0 | BY9: =IF(BX9<MAX(BX:BX),0,BX9+ROW()/1000000000) -> 0 | BZ9: =IF(BY9=0,0,RANK(BY9,BY:BY)) -> 0
A10: Spieler 2 | B10: =IF(AA10=0,"",AA10) -> Schlick Christian | C10: =IF(AB10=0,"",AB10) -> 7724 | D10: =IF(AC10=0,"",AC10) -> 225 | E10: =IF(AD10="","",AD10) -> 1 | F10: =IF(AE10=0,"",AE10) -> 201 | G10: =IF(AF10="","",AF10) -> 1 | H10: =IF(AG10=0,"",AG10) -> 227 | I10: =IF(AH10="","",AH10) -> 1 | J10: =IF(AI10=0,"",AI10) -> 157 | K10: =IF(AJ10="","",AJ10) -> 0 | L10: =IF(AK10=0,"",AK10) -> 175 | M10: =IF(AL10="","",AL10) -> 0 | N10: =IF(AM10=0,"",AM10) -> 174 | O10: =IF(AN10="","",AN10) -> 0 | P10: =IF(AO10=0,"",AO10) -> 192 | Q10: =IF(AP10="","",AP10) -> 1 | R10: =IF(AQ10=0,"",AQ10) -> 191 | S10: =IF(AR10="","",AR10) -> 1 | T10: =IF(AS10=0,"",AS10) -> 215 | U10: =IF(AT10="","",AT10) -> 1 | V10: =IF(AU10=0,"",AU10) -> 1757 | W10: =IF(AV10="","",AV10) -> 6 | Z10: Spieler 2 | AA10: =IF(AB10=0,"",_xlfn.CONCAT(VLOOKUP(AB10,Starter!A:C,2,0))) -> Schlick Christian | AB10: 7724 | AC10: 225 | AD10: =IF(SUM(AC10:AC12)+AC26=0,0,IF(SUM(ABS(AC10),ABS(AC11),ABS(AC12))=AC26,0.5,IF(SUM(ABS(AC10),ABS(AC11),ABS(AC12))>AC26,1,0))) -> 1 | AE10: 201 | AF10: =IF(SUM(AE10:AE12)+AE26=0,0,IF(SUM(ABS(AE10),ABS(AE11),ABS(AE12))=AE26,0.5,IF(SUM(ABS(AE10),ABS(AE11),ABS(AE12))>AE26,1,0))) -> 1 | AG10: 227 | AH10: =IF(SUM(AG10:AG12)+AG26=0,0,IF(SUM(ABS(AG10),ABS(AG11),ABS(AG12))=AG26,0.5,IF(SUM(ABS(AG10),ABS(AG11),ABS(AG12))>AG26,1,0))) -> 1 | AI10: 157 | AJ10: =IF(SUM(AI10:AI12)+AI26=0,0,IF(SUM(ABS(AI10),ABS(AI11),ABS(AI12))=AI26,0.5,IF(SUM(ABS(AI10),ABS(AI11),ABS(AI12))>AI26,1,0))) -> 0 | AK10: 175 | AL10: =IF(SUM(AK10:AK12)+AK26=0,0,IF(SUM(ABS(AK10),ABS(AK11),ABS(AK12))=AK26,0.5,IF(SUM(ABS(AK10),ABS(AK11),ABS(AK12))>AK26,1,0))) -> 0 | AM10: 174 | AN10: =IF(SUM(AM10:AM12)+AM26=0,0,IF(SUM(ABS(AM10),ABS(AM11),ABS(AM12))=AM26,0.5,IF(SUM(ABS(AM10),ABS(AM11),ABS(AM12))>AM26,1,0))) -> 0 | AO10: 192 | AP10: =IF(SUM(AO10:AO12)+AO26=0,0,IF(SUM(ABS(AO10),ABS(AO11),ABS(AO12))=AO26,0.5,IF(SUM(ABS(AO10),ABS(AO11),ABS(AO12))>AO26,1,0))) -> 1 | AQ10: 191 | AR10: =IF(SUM(AQ10:AQ12)+AQ26=0,0,IF(SUM(ABS(AQ10),ABS(AQ11),ABS(AQ12))=AQ26,0.5,IF(SUM(ABS(AQ10),ABS(AQ11),ABS(AQ12))>AQ26,1,0))) -> 1 | AS10: 215 | AT10: =IF(SUM(AS10:AS12)+AS26=0,0,IF(SUM(ABS(AS10),ABS(AS11),ABS(AS12))=AS26,0.5,IF(SUM(ABS(AS10),ABS(AS11),ABS(AS12))>AS26,1,0))) -> 1 | AU10: =ABS(SUM(AC10:AC10))+ABS(SUM(AE10:AE10))+ABS(SUM(AG10:AG10))+ABS(SUM(AI10:AI10))+ABS(SUM(AK10:AK10))+ABS(SUM(AM10:AM10))+ABS(SUM(AO10:AO10))+ABS(SUM(AQ10:AQ10))+ABS(SUM(AS10:AS10)) -> 1757 | AV10: =SUM(AD10+AF10+AH10+AJ10+AL10+AN10+AP10+AR10+AT10) -> 6 | BD10: =+AB10 -> 7724 | BE10: =+AU10 -> 1757 | BF10: =COUNT(BH10:BP10) -> 9 | BG10: =COUNTIF(BH10:BP10,">0") -> 9 | BH10: =IF(AC10=0,"",AC10) -> 225 | BI10: =IF(AE10=0,"",AE10) -> 201 | BJ10: =IF(AG10=0,"",AG10) -> 227 | BK10: =IF(AI10=0,"",AI10) -> 157 | BL10: =IF(AK10=0,"",AK10) -> 175 | BM10: =IF(AM10=0,"",AM10) -> 174 | BN10: =IF(AO10=0,"",AO10) -> 192 | BO10: =IF(AQ10=0,"",AQ10) -> 191 | BP10: =IF(AS10=0,"",AS10) -> 215 | BS10: =MAX(BH10:BP10) -> 227 | BT10: =IF(BS10<MAX(BS:BS),0,BS10+ROW()/1000000000) -> 0 | BU10: =+BU9 -> BC Comet Nürnberg | BV10: =RANK(BT10,BT:BT) -> 2 | BW10: =SUMIF(BH10:BP10,">0") -> 1757 | BX10: =IF(COUNTIF(BH10:BP10,">0")<Spielorte!$A$23,0,BE10/Spielorte!$A$23) -> 195.22222 | BY10: =IF(BX10<MAX(BX:BX),0,BX10+ROW()/1000000000) -> 0 | BZ10: =IF(BY10=0,0,RANK(BY10,BY:BY)) -> 0
B11: =IF(AA11=0,"",AA11) | C11: =IF(AB11=0,"",AB11) | D11: =IF(AC11=0,"",AC11) | F11: =IF(AE11=0,"",AE11) | H11: =IF(AG11=0,"",AG11) | J11: =IF(AI11=0,"",AI11) | L11: =IF(AK11=0,"",AK11) | N11: =IF(AM11=0,"",AM11) | P11: =IF(AO11=0,"",AO11) | R11: =IF(AQ11=0,"",AQ11) | T11: =IF(AS11=0,"",AS11) | V11: =IF(AU11=0,"",AU11) | AA11: =IF(AB11=0,"",_xlfn.CONCAT(VLOOKUP(AB11,Starter!A:C,2,0))) | AU11: =ABS(SUM(AC11:AC11))+ABS(SUM(AE11:AE11))+ABS(SUM(AG11:AG11))+ABS(SUM(AI11:AI11))+ABS(SUM(AK11:AK11))+ABS(SUM(AM11:AM11))+ABS(SUM(AO11:AO11))+ABS(SUM(AQ11:AQ11))+ABS(SUM(AS11:AS11)) -> 0 | BD11: =+AB11 -> 0 | BE11: =+AU11 -> 0 | BF11: =COUNT(BH11:BP11) -> 0 | BG11: =COUNTIF(BH11:BP11,">0") -> 0 | BH11: =IF(AC11=0,"",AC11) | BI11: =IF(AE11=0,"",AE11) | BJ11: =IF(AG11=0,"",AG11) | BK11: =IF(AI11=0,"",AI11) | BL11: =IF(AK11=0,"",AK11) | BM11: =IF(AM11=0,"",AM11) | BN11: =IF(AO11=0,"",AO11) | BO11: =IF(AQ11=0,"",AQ11) | BP11: =IF(AS11=0,"",AS11) | BS11: =MAX(BH11:BP11) -> 0 | BT11: =IF(BS11<MAX(BS:BS),0,BS11+ROW()/1000000000) -> 0 | BU11: =+BU10 -> BC Comet Nürnberg | BV11: =RANK(BT11,BT:BT) -> 2 | BW11: =SUMIF(BH11:BP11,">0") -> 0 | BX11: =IF(COUNTIF(BH11:BP11,">0")<Spielorte!$A$23,0,BE11/Spielorte!$A$23) -> 0 | BY11: =IF(BX11<MAX(BX:BX),0,BX11+ROW()/1000000000) -> 0 | BZ11: =IF(BY11=0,0,RANK(BY11,BY:BY)) -> 0
B12: =IF(AA12=0,"",AA12) | C12: =IF(AB12=0,"",AB12) | D12: =IF(AC12=0,"",AC12) | F12: =IF(AE12=0,"",AE12) | H12: =IF(AG12=0,"",AG12) | J12: =IF(AI12=0,"",AI12) | L12: =IF(AK12=0,"",AK12) | N12: =IF(AM12=0,"",AM12) | P12: =IF(AO12=0,"",AO12) | R12: =IF(AQ12=0,"",AQ12) | T12: =IF(AS12=0,"",AS12) | V12: =IF(AU12=0,"",AU12) | AA12: =IF(AB12=0,"",_xlfn.CONCAT(VLOOKUP(AB12,Starter!A:C,2,0))) | AU12: =ABS(SUM(AC12:AC12))+ABS(SUM(AE12:AE12))+ABS(SUM(AG12:AG12))+ABS(SUM(AI12:AI12))+ABS(SUM(AK12:AK12))+ABS(SUM(AM12:AM12))+ABS(SUM(AO12:AO12))+ABS(SUM(AQ12:AQ12))+ABS(SUM(AS12:AS12)) -> 0 | BD12: =+AB12 -> 0 | BE12: =+AU12 -> 0 | BF12: =COUNT(BH12:BP12) -> 0 | BG12: =COUNTIF(BH12:BP12,">0") -> 0 | BH12: =IF(AC12=0,"",AC12) | BI12: =IF(AE12=0,"",AE12) | BJ12: =IF(AG12=0,"",AG12) | BK12: =IF(AI12=0,"",AI12) | BL12: =IF(AK12=0,"",AK12) | BM12: =IF(AM12=0,"",AM12) | BN12: =IF(AO12=0,"",AO12) | BO12: =IF(AQ12=0,"",AQ12) | BP12: =IF(AS12=0,"",AS12) | BS12: =MAX(BH12:BP12) -> 0 | BT12: =IF(BS12<MAX(BS:BS),0,BS12+ROW()/1000000000) -> 0 | BU12: =+BU11 -> BC Comet Nürnberg | BV12: =RANK(BT12,BT:BT) -> 2 | BW12: =SUMIF(BH12:BP12,">0") -> 0 | BX12: =IF(COUNTIF(BH12:BP12,">0")<Spielorte!$A$23,0,BE12/Spielorte!$A$23) -> 0 | BY12: =IF(BX12<MAX(BX:BX),0,BX12+ROW()/1000000000) -> 0 | BZ12: =IF(BY12=0,0,RANK(BY12,BY:BY)) -> 0
A13: Spieler 3 | B13: =IF(AA13=0,"",AA13) -> Schlundt Michael | C13: =IF(AB13=0,"",AB13) -> 7725 | D13: =IF(AC13=0,"",AC13) -> 167 | E13: =IF(AD13="","",AD13) -> 0 | F13: =IF(AE13=0,"",AE13) -> 172 | G13: =IF(AF13="","",AF13) -> 1 | H13: =IF(AG13=0,"",AG13) -> 184 | I13: =IF(AH13="","",AH13) -> 1 | J13: =IF(AI13=0,"",AI13) -> 186 | K13: =IF(AJ13="","",AJ13) -> 1 | L13: =IF(AK13=0,"",AK13) -> 191 | M13: =IF(AL13="","",AL13) -> 1 | N13: =IF(AM13=0,"",AM13) -> 147 | O13: =IF(AN13="","",AN13) -> 0 | P13: =IF(AO13=0,"",AO13) -> 200 | Q13: =IF(AP13="","",AP13) -> 1 | R13: =IF(AQ13=0,"",AQ13) -> 178 | S13: =IF(AR13="","",AR13) -> 0 | T13: =IF(AS13=0,"",AS13) -> 179 | U13: =IF(AT13="","",AT13) -> 0 | V13: =IF(AU13=0,"",AU13) -> 1604 | W13: =IF(AV13="","",AV13) -> 5 | Z13: Spieler 3 | AA13: =IF(AB13=0,"",_xlfn.CONCAT(VLOOKUP(AB13,Starter!A:C,2,0))) -> Schlundt Michael | AB13: 7725 | AC13: 167 | AD13: =IF(SUM(AC13:AC15)+AC27=0,0,IF(SUM(ABS(AC13),ABS(AC14),ABS(AC15))=AC27,0.5,IF(SUM(ABS(AC13),ABS(AC14),ABS(AC15))>AC27,1,0))) -> 0 | AE13: 172 | AF13: =IF(SUM(AE13:AE15)+AE27=0,0,IF(SUM(ABS(AE13),ABS(AE14),ABS(AE15))=AE27,0.5,IF(SUM(ABS(AE13),ABS(AE14),ABS(AE15))>AE27,1,0))) -> 1 | AG13: 184 | AH13: =IF(SUM(AG13:AG15)+AG27=0,0,IF(SUM(ABS(AG13),ABS(AG14),ABS(AG15))=AG27,0.5,IF(SUM(ABS(AG13),ABS(AG14),ABS(AG15))>AG27,1,0))) -> 1 | AI13: 186 | AJ13: =IF(SUM(AI13:AI15)+AI27=0,0,IF(SUM(ABS(AI13),ABS(AI14),ABS(AI15))=AI27,0.5,IF(SUM(ABS(AI13),ABS(AI14),ABS(AI15))>AI27,1,0))) -> 1 | AK13: 191 | AL13: =IF(SUM(AK13:AK15)+AK27=0,0,IF(SUM(ABS(AK13),ABS(AK14),ABS(AK15))=AK27,0.5,IF(SUM(ABS(AK13),ABS(AK14),ABS(AK15))>AK27,1,0))) -> 1 | AM13: 147 | AN13: =IF(SUM(AM13:AM15)+AM27=0,0,IF(SUM(ABS(AM13),ABS(AM14),ABS(AM15))=AM27,0.5,IF(SUM(ABS(AM13),ABS(AM14),ABS(AM15))>AM27,1,0))) -> 0 | AO13: 200 | AP13: =IF(SUM(AO13:AO15)+AO27=0,0,IF(SUM(ABS(AO13),ABS(AO14),ABS(AO15))=AO27,0.5,IF(SUM(ABS(AO13),ABS(AO14),ABS(AO15))>AO27,1,0))) -> 1 | AQ13: 178 | AR13: =IF(SUM(AQ13:AQ15)+AQ27=0,0,IF(SUM(ABS(AQ13),ABS(AQ14),ABS(AQ15))=AQ27,0.5,IF(SUM(ABS(AQ13),ABS(AQ14),ABS(AQ15))>AQ27,1,0))) -> 0 | AS13: 179 | AT13: =IF(SUM(AS13:AS15)+AS27=0,0,IF(SUM(ABS(AS13),ABS(AS14),ABS(AS15))=AS27,0.5,IF(SUM(ABS(AS13),ABS(AS14),ABS(AS15))>AS27,1,0))) -> 0 | AU13: =ABS(SUM(AC13:AC13))+ABS(SUM(AE13:AE13))+ABS(SUM(AG13:AG13))+ABS(SUM(AI13:AI13))+ABS(SUM(AK13:AK13))+ABS(SUM(AM13:AM13))+ABS(SUM(AO13:AO13))+ABS(SUM(AQ13:AQ13))+ABS(SUM(AS13:AS13)) -> 1604 | AV13: =SUM(AD13+AF13+AH13+AJ13+AL13+AN13+AP13+AR13+AT13) -> 5 | BD13: =+AB13 -> 7725 | BE13: =+AU13 -> 1604 | BF13: =COUNT(BH13:BP13) -> 9 | BG13: =COUNTIF(BH13:BP13,">0") -> 9 | BH13: =IF(AC13=0,"",AC13) -> 167 | BI13: =IF(AE13=0,"",AE13) -> 172 | BJ13: =IF(AG13=0,"",AG13) -> 184 | BK13: =IF(AI13=0,"",AI13) -> 186 | BL13: =IF(AK13=0,"",AK13) -> 191 | BM13: =IF(AM13=0,"",AM13) -> 147 | BN13: =IF(AO13=0,"",AO13) -> 200 | BO13: =IF(AQ13=0,"",AQ13) -> 178 | BP13: =IF(AS13=0,"",AS13) -> 179 | BS13: =MAX(BH13:BP13) -> 200 | BT13: =IF(BS13<MAX(BS:BS),0,BS13+ROW()/1000000000) -> 0 | BU13: =+BU12 -> BC Comet Nürnberg | BV13: =RANK(BT13,BT:BT) -> 2 | BW13: =SUMIF(BH13:BP13,">0") -> 1604 | BX13: =IF(COUNTIF(BH13:BP13,">0")<Spielorte!$A$23,0,BE13/Spielorte!$A$23) -> 178.22222 | BY13: =IF(BX13<MAX(BX:BX),0,BX13+ROW()/1000000000) -> 0 | BZ13: =IF(BY13=0,0,RANK(BY13,BY:BY)) -> 0
B14: =IF(AA14=0,"",AA14) | C14: =IF(AB14=0,"",AB14) | D14: =IF(AC14=0,"",AC14) | F14: =IF(AE14=0,"",AE14) | H14: =IF(AG14=0,"",AG14) | J14: =IF(AI14=0,"",AI14) | L14: =IF(AK14=0,"",AK14) | N14: =IF(AM14=0,"",AM14) | P14: =IF(AO14=0,"",AO14) | R14: =IF(AQ14=0,"",AQ14) | T14: =IF(AS14=0,"",AS14) | V14: =IF(AU14=0,"",AU14) | AA14: =IF(AB14=0,"",_xlfn.CONCAT(VLOOKUP(AB14,Starter!A:C,2,0))) | AU14: =ABS(SUM(AC14:AC14))+ABS(SUM(AE14:AE14))+ABS(SUM(AG14:AG14))+ABS(SUM(AI14:AI14))+ABS(SUM(AK14:AK14))+ABS(SUM(AM14:AM14))+ABS(SUM(AO14:AO14))+ABS(SUM(AQ14:AQ14))+ABS(SUM(AS14:AS14)) -> 0 | BD14: =+AB14 -> 0 | BE14: =+AU14 -> 0 | BF14: =COUNT(BH14:BP14) -> 0 | BG14: =COUNTIF(BH14:BP14,">0") -> 0 | BH14: =IF(AC14=0,"",AC14) | BI14: =IF(AE14=0,"",AE14) | BJ14: =IF(AG14=0,"",AG14) | BK14: =IF(AI14=0,"",AI14) | BL14: =IF(AK14=0,"",AK14) | BM14: =IF(AM14=0,"",AM14) | BN14: =IF(AO14=0,"",AO14) | BO14: =IF(AQ14=0,"",AQ14) | BP14: =IF(AS14=0,"",AS14) | BS14: =MAX(BH14:BP14) -> 0 | BT14: =IF(BS14<MAX(BS:BS),0,BS14+ROW()/1000000000) -> 0 | BU14: =+BU13 -> BC Comet Nürnberg | BV14: =RANK(BT14,BT:BT) -> 2 | BW14: =SUMIF(BH14:BP14,">0") -> 0 | BX14: =IF(COUNTIF(BH14:BP14,">0")<Spielorte!$A$23,0,BE14/Spielorte!$A$23) -> 0 | BY14: =IF(BX14<MAX(BX:BX),0,BX14+ROW()/1000000000) -> 0 | BZ14: =IF(BY14=0,0,RANK(BY14,BY:BY)) -> 0
B15: =IF(AA15=0,"",AA15) | C15: =IF(AB15=0,"",AB15) | D15: =IF(AC15=0,"",AC15) | F15: =IF(AE15=0,"",AE15) | H15: =IF(AG15=0,"",AG15) | J15: =IF(AI15=0,"",AI15) | L15: =IF(AK15=0,"",AK15) | N15: =IF(AM15=0,"",AM15) | P15: =IF(AO15=0,"",AO15) | R15: =IF(AQ15=0,"",AQ15) | T15: =IF(AS15=0,"",AS15) | V15: =IF(AU15=0,"",AU15) | AA15: =IF(AB15=0,"",_xlfn.CONCAT(VLOOKUP(AB15,Starter!A:C,2,0))) | AU15: =ABS(SUM(AC15:AC15))+ABS(SUM(AE15:AE15))+ABS(SUM(AG15:AG15))+ABS(SUM(AI15:AI15))+ABS(SUM(AK15:AK15))+ABS(SUM(AM15:AM15))+ABS(SUM(AO15:AO15))+ABS(SUM(AQ15:AQ15))+ABS(SUM(AS15:AS15)) -> 0 | BD15: =+AB15 -> 0 | BE15: =+AU15 -> 0 | BF15: =COUNT(BH15:BP15) -> 0 | BG15: =COUNTIF(BH15:BP15,">0") -> 0 | BH15: =IF(AC15=0,"",AC15) | BI15: =IF(AE15=0,"",AE15) | BJ15: =IF(AG15=0,"",AG15) | BK15: =IF(AI15=0,"",AI15) | BL15: =IF(AK15=0,"",AK15) | BM15: =IF(AM15=0,"",AM15) | BN15: =IF(AO15=0,"",AO15) | BO15: =IF(AQ15=0,"",AQ15) | BP15: =IF(AS15=0,"",AS15) | BS15: =MAX(BH15:BP15) -> 0 | BT15: =IF(BS15<MAX(BS:BS),0,BS15+ROW()/1000000000) -> 0 | BU15: =+BU14 -> BC Comet Nürnberg | BV15: =RANK(BT15,BT:BT) -> 2 | BW15: =SUMIF(BH15:BP15,">0") -> 0 | BX15: =IF(COUNTIF(BH15:BP15,">0")<Spielorte!$A$23,0,BE15/Spielorte!$A$23) -> 0 | BY15: =IF(BX15<MAX(BX:BX),0,BX15+ROW()/1000000000) -> 0 | BZ15: =IF(BY15=0,0,RANK(BY15,BY:BY)) -> 0
A16: Spieler 4 | B16: =IF(AA16=0,"",AA16) -> Schwarz Jan | C16: =IF(AB16=0,"",AB16) -> 7734 | D16: =IF(AC16=0,"",AC16) -> 212 | E16: =IF(AD16="","",AD16) -> 1 | F16: =IF(AE16=0,"",AE16) -> 220 | G16: =IF(AF16="","",AF16) -> 1 | H16: =IF(AG16=0,"",AG16) | I16: =IF(AH16="","",AH16) -> 0 | J16: =IF(AI16=0,"",AI16) | K16: =IF(AJ16="","",AJ16) -> 0 | L16: =IF(AK16=0,"",AK16) -> 168 | M16: =IF(AL16="","",AL16) -> 0 | N16: =IF(AM16=0,"",AM16) -> 135 | O16: =IF(AN16="","",AN16) -> 0 | P16: =IF(AO16=0,"",AO16) | Q16: =IF(AP16="","",AP16) -> 1 | R16: =IF(AQ16=0,"",AQ16) | S16: =IF(AR16="","",AR16) -> 1 | T16: =IF(AS16=0,"",AS16) | U16: =IF(AT16="","",AT16) -> 1 | V16: =IF(AU16=0,"",AU16) -> 735 | W16: =IF(AV16="","",AV16) -> 5 | Z16: Spieler 4 | AA16: =IF(AB16=0,"",_xlfn.CONCAT(VLOOKUP(AB16,Starter!A:C,2,0))) -> Schwarz Jan | AB16: 7734 | AC16: 212 | AD16: =IF(SUM(AC16:AC18)+AC28=0,0,IF(SUM(ABS(AC16),ABS(AC17),ABS(AC18))=AC28,0.5,IF(SUM(ABS(AC16),ABS(AC17),ABS(AC18))>AC28,1,0))) -> 1 | AE16: 220 | AF16: =IF(SUM(AE16:AE18)+AE28=0,0,IF(SUM(ABS(AE16),ABS(AE17),ABS(AE18))=AE28,0.5,IF(SUM(ABS(AE16),ABS(AE17),ABS(AE18))>AE28,1,0))) -> 1 | AH16: =IF(SUM(AG16:AG18)+AG28=0,0,IF(SUM(ABS(AG16),ABS(AG17),ABS(AG18))=AG28,0.5,IF(SUM(ABS(AG16),ABS(AG17),ABS(AG18))>AG28,1,0))) -> 0 | AJ16: =IF(SUM(AI16:AI18)+AI28=0,0,IF(SUM(ABS(AI16),ABS(AI17),ABS(AI18))=AI28,0.5,IF(SUM(ABS(AI16),ABS(AI17),ABS(AI18))>AI28,1,0))) -> 0 | AK16: 168 | AL16: =IF(SUM(AK16:AK18)+AK28=0,0,IF(SUM(ABS(AK16),ABS(AK17),ABS(AK18))=AK28,0.5,IF(SUM(ABS(AK16),ABS(AK17),ABS(AK18))>AK28,1,0))) -> 0 | AM16: 135 | AN16: =IF(SUM(AM16:AM18)+AM28=0,0,IF(SUM(ABS(AM16),ABS(AM17),ABS(AM18))=AM28,0.5,IF(SUM(ABS(AM16),ABS(AM17),ABS(AM18))>AM28,1,0))) -> 0 | AP16: =IF(SUM(AO16:AO18)+AO28=0,0,IF(SUM(ABS(AO16),ABS(AO17),ABS(AO18))=AO28,0.5,IF(SUM(ABS(AO16),ABS(AO17),ABS(AO18))>AO28,1,0))) -> 1 | AR16: =IF(SUM(AQ16:AQ18)+AQ28=0,0,IF(SUM(ABS(AQ16),ABS(AQ17),ABS(AQ18))=AQ28,0.5,IF(SUM(ABS(AQ16),ABS(AQ17),ABS(AQ18))>AQ28,1,0))) -> 1 | AT16: =IF(SUM(AS16:AS18)+AS28=0,0,IF(SUM(ABS(AS16),ABS(AS17),ABS(AS18))=AS28,0.5,IF(SUM(ABS(AS16),ABS(AS17),ABS(AS18))>AS28,1,0))) -> 1 | AU16: =ABS(SUM(AC16:AC16))+ABS(SUM(AE16:AE16))+ABS(SUM(AG16:AG16))+ABS(SUM(AI16:AI16))+ABS(SUM(AK16:AK16))+ABS(SUM(AM16:AM16))+ABS(SUM(AO16:AO16))+ABS(SUM(AQ16:AQ16))+ABS(SUM(AS16:AS16)) -> 735 | AV16: =SUM(AD16+AF16+AH16+AJ16+AL16+AN16+AP16+AR16+AT16) -> 5 | BD16: =+AB16 -> 7734 | BE16: =+AU16 -> 735 | BF16: =COUNT(BH16:BP16) -> 4 | BG16: =COUNTIF(BH16:BP16,">0") -> 4 | BH16: =IF(AC16=0,"",AC16) -> 212 | BI16: =IF(AE16=0,"",AE16) -> 220 | BJ16: =IF(AG16=0,"",AG16) | BK16: =IF(AI16=0,"",AI16) | BL16: =IF(AK16=0,"",AK16) -> 168 | BM16: =IF(AM16=0,"",AM16) -> 135 | BN16: =IF(AO16=0,"",AO16) | BO16: =IF(AQ16=0,"",AQ16) | BP16: =IF(AS16=0,"",AS16) | BS16: =MAX(BH16:BP16) -> 220 | BT16: =IF(BS16<MAX(BS:BS),0,BS16+ROW()/1000000000) -> 0 | BU16: =+BU15 -> BC Comet Nürnberg | BV16: =RANK(BT16,BT:BT) -> 2 | BW16: =SUMIF(BH16:BP16,">0") -> 735 | BX16: =IF(COUNTIF(BH16:BP16,">0")<Spielorte!$A$23,0,BE16/Spielorte!$A$23) -> 0 | BY16: =IF(BX16<MAX(BX:BX),0,BX16+ROW()/1000000000) -> 0 | BZ16: =IF(BY16=0,0,RANK(BY16,BY:BY)) -> 0
B17: =IF(AA17=0,"",AA17) -> Mittelmaier Andreas | C17: =IF(AB17=0,"",AB17) -> 16896 | D17: =IF(AC17=0,"",AC17) | F17: =IF(AE17=0,"",AE17) | H17: =IF(AG17=0,"",AG17) -> 184 | J17: =IF(AI17=0,"",AI17) -> 166 | L17: =IF(AK17=0,"",AK17) | N17: =IF(AM17=0,"",AM17) | P17: =IF(AO17=0,"",AO17) -> 164 | R17: =IF(AQ17=0,"",AQ17) -> 189 | T17: =IF(AS17=0,"",AS17) -> 243 | V17: =IF(AU17=0,"",AU17) -> 946 | AA17: =IF(AB17=0,"",_xlfn.CONCAT(VLOOKUP(AB17,Starter!A:C,2,0))) -> Mittelmaier Andreas | AB17: 16896 | AG17: 184 | AI17: 166 | AO17: 164 | AQ17: 189 | AS17: 243 | AU17: =ABS(SUM(AC17:AC17))+ABS(SUM(AE17:AE17))+ABS(SUM(AG17:AG17))+ABS(SUM(AI17:AI17))+ABS(SUM(AK17:AK17))+ABS(SUM(AM17:AM17))+ABS(SUM(AO17:AO17))+ABS(SUM(AQ17:AQ17))+ABS(SUM(AS17:AS17)) -> 946 | BD17: =+AB17 -> 16896 | BE17: =+AU17 -> 946 | BF17: =COUNT(BH17:BP17) -> 5 | BG17: =COUNTIF(BH17:BP17,">0") -> 5 | BH17: =IF(AC17=0,"",AC17) | BI17: =IF(AE17=0,"",AE17) | BJ17: =IF(AG17=0,"",AG17) -> 184 | BK17: =IF(AI17=0,"",AI17) -> 166 | BL17: =IF(AK17=0,"",AK17) | BM17: =IF(AM17=0,"",AM17) | BN17: =IF(AO17=0,"",AO17) -> 164 | BO17: =IF(AQ17=0,"",AQ17) -> 189 | BP17: =IF(AS17=0,"",AS17) -> 243 | BS17: =MAX(BH17:BP17) -> 243 | BT17: =IF(BS17<MAX(BS:BS),0,BS17+ROW()/1000000000) -> 0 | BU17: =+BU16 -> BC Comet Nürnberg | BV17: =RANK(BT17,BT:BT) -> 2 | BW17: =SUMIF(BH17:BP17,">0") -> 946 | BX17: =IF(COUNTIF(BH17:BP17,">0")<Spielorte!$A$23,0,BE17/Spielorte!$A$23) -> 0 | BY17: =IF(BX17<MAX(BX:BX),0,BX17+ROW()/1000000000) -> 0 | BZ17: =IF(BY17=0,0,RANK(BY17,BY:BY)) -> 0
B18: =IF(AA18=0,"",AA18) | C18: =IF(AB18=0,"",AB18) | D18: =IF(AC18=0,"",AC18) | F18: =IF(AE18=0,"",AE18) | H18: =IF(AG18=0,"",AG18) | J18: =IF(AI18=0,"",AI18) | L18: =IF(AK18=0,"",AK18) | N18: =IF(AM18=0,"",AM18) | P18: =IF(AO18=0,"",AO18) | R18: =IF(AQ18=0,"",AQ18) | T18: =IF(AS18=0,"",AS18) | V18: =IF(AU18=0,"",AU18) | AA18: =IF(AB18=0,"",_xlfn.CONCAT(VLOOKUP(AB18,Starter!A:C,2,0))) | AU18: =ABS(SUM(AC18:AC18))+ABS(SUM(AE18:AE18))+ABS(SUM(AG18:AG18))+ABS(SUM(AI18:AI18))+ABS(SUM(AK18:AK18))+ABS(SUM(AM18:AM18))+ABS(SUM(AO18:AO18))+ABS(SUM(AQ18:AQ18))+ABS(SUM(AS18:AS18)) -> 0 | BD18: =+AB18 -> 0 | BE18: =+AU18 -> 0 | BF18: =COUNT(BH18:BP18) -> 0 | BG18: =COUNTIF(BH18:BP18,">0") -> 0 | BH18: =IF(AC18=0,"",AC18) | BI18: =IF(AE18=0,"",AE18) | BJ18: =IF(AG18=0,"",AG18) | BK18: =IF(AI18=0,"",AI18) | BL18: =IF(AK18=0,"",AK18) | BM18: =IF(AM18=0,"",AM18) | BN18: =IF(AO18=0,"",AO18) | BO18: =IF(AQ18=0,"",AQ18) | BP18: =IF(AS18=0,"",AS18) | BS18: =MAX(BH18:BP18) -> 0 | BT18: =IF(BS18<MAX(BS:BS),0,BS18+ROW()/1000000000) -> 0 | BU18: =+BU17 -> BC Comet Nürnberg | BV18: =RANK(BT18,BT:BT) -> 2 | BW18: =SUMIF(BH18:BP18,">0") -> 0 | BX18: =IF(COUNTIF(BH18:BP18,">0")<Spielorte!$A$23,0,BE18/Spielorte!$A$23) -> 0 | BY18: =IF(BX18<MAX(BX:BX),0,BX18+ROW()/1000000000) -> 0 | BZ18: =IF(BY18=0,0,RANK(BY18,BY:BY)) -> 0
B19: =IF(AA19=0,"",AA19) -> Gesamt | C19: =IF(AB19=0,"",AB19) | D19: =IF(AC19=0,"",AC19) -> 784 | E19: =IF(AD19="","",AD19) -> 3 | F19: =IF(AE19=0,"",AE19) -> 732 | G19: =IF(AF19="","",AF19) -> 3 | H19: =IF(AG19=0,"",AG19) -> 801 | I19: =IF(AH19="","",AH19) -> 3 | J19: =IF(AI19=0,"",AI19) -> 751 | K19: =IF(AJ19="","",AJ19) -> 3 | L19: =IF(AK19=0,"",AK19) -> 742 | M19: =IF(AL19="","",AL19) -> 3 | N19: =IF(AM19=0,"",AM19) -> 632 | O19: =IF(AN19="","",AN19) -> 0 | P19: =IF(AO19=0,"",AO19) -> 716 | Q19: =IF(AP19="","",AP19) -> 3 | R19: =IF(AQ19=0,"",AQ19) -> 743 | S19: =IF(AR19="","",AR19) -> 0 | T19: =IF(AS19=0,"",AS19) -> 779 | U19: =IF(AT19="","",AT19) -> 3 | V19: =IF(AU19=0,"",AU19) -> 6680 | W19: =IF(AV19="","",AV19) -> 21 | AA19: Gesamt | AC19: =ABS(SUM(AC7:AC9))+ABS(SUM(AC10:AC12))+ABS(SUM(AC13:AC15))+ABS(SUM(AC16:AC18)) -> 784 | AD19: =IF(AC19+AC29=0,0,IF(AC19=AC29,1.5,IF(AC19>AC29,3,0))) -> 3 | AE19: =ABS(SUM(AE7:AE9))+ABS(SUM(AE10:AE12))+ABS(SUM(AE13:AE15))+ABS(SUM(AE16:AE18)) -> 732 | AF19: =IF(AE19+AE29=0,0,IF(AE19=AE29,1.5,IF(AE19>AE29,3,0))) -> 3 | AG19: =ABS(SUM(AG7:AG9))+ABS(SUM(AG10:AG12))+ABS(SUM(AG13:AG15))+ABS(SUM(AG16:AG18)) -> 801 | AH19: =IF(AG19+AG29=0,0,IF(AG19=AG29,1.5,IF(AG19>AG29,3,0))) -> 3 | AI19: =ABS(SUM(AI7:AI9))+ABS(SUM(AI10:AI12))+ABS(SUM(AI13:AI15))+ABS(SUM(AI16:AI18)) -> 751 | AJ19: =IF(AI19+AI29=0,0,IF(AI19=AI29,1.5,IF(AI19>AI29,3,0))) -> 3 | AK19: =ABS(SUM(AK7:AK9))+ABS(SUM(AK10:AK12))+ABS(SUM(AK13:AK15))+ABS(SUM(AK16:AK18)) -> 742 | AL19: =IF(AK19+AK29=0,0,IF(AK19=AK29,1.5,IF(AK19>AK29,3,0))) -> 3 | AM19: =ABS(SUM(AM7:AM9))+ABS(SUM(AM10:AM12))+ABS(SUM(AM13:AM15))+ABS(SUM(AM16:AM18)) -> 632 | AN19: =IF(AM19+AM29=0,0,IF(AM19=AM29,1.5,IF(AM19>AM29,3,0))) -> 0 | AO19: =ABS(SUM(AO7:AO9))+ABS(SUM(AO10:AO12))+ABS(SUM(AO13:AO15))+ABS(SUM(AO16:AO18)) -> 716 | AP19: =IF(AO19+AO29=0,0,IF(AO19=AO29,1.5,IF(AO19>AO29,3,0))) -> 3 | AQ19: =ABS(SUM(AQ7:AQ9))+ABS(SUM(AQ10:AQ12))+ABS(SUM(AQ13:AQ15))+ABS(SUM(AQ16:AQ18)) -> 743 | AR19: =IF(AQ19+AQ29=0,0,IF(AQ19=AQ29,1.5,IF(AQ19>AQ29,3,0))) -> 0 | AS19: =ABS(SUM(AS7:AS9))+ABS(SUM(AS10:AS12))+ABS(SUM(AS13:AS15))+ABS(SUM(AS16:AS18)) -> 779 | AT19: =IF(AS19+AS29=0,0,IF(AS19=AS29,1.5,IF(AS19>AS29,3,0))) -> 3 | AU19: =SUM(AC19+AE19+AG19+AI19+AK19+AM19+AO19+AQ19+AS19) -> 6680 | AV19: =SUM(AD19+AF19+AH19+AJ19+AL19+AN19+AP19+AR19+AT19) -> 21
B20: =IF(AA20=0,"",AA20) -> Gesamt - Punkte | C20: =IF(AB20=0,"",AB20) | D20: =IF(AC20=0,"",AC20) | E20: =IF(AD20="","",AD20) -> 6 | F20: =IF(AE20=0,"",AE20) | G20: =IF(AF20="","",AF20) -> 6 | H20: =IF(AG20=0,"",AG20) | I20: =IF(AH20="","",AH20) -> 6 | J20: =IF(AI20=0,"",AI20) | K20: =IF(AJ20="","",AJ20) -> 5 | L20: =IF(AK20=0,"",AK20) | M20: =IF(AL20="","",AL20) -> 5 | N20: =IF(AM20=0,"",AM20) | O20: =IF(AN20="","",AN20) -> 1 | P20: =IF(AO20=0,"",AO20) | Q20: =IF(AP20="","",AP20) -> 6 | R20: =IF(AQ20=0,"",AQ20) | S20: =IF(AR20="","",AR20) -> 3 | T20: =IF(AS20=0,"",AS20) | U20: =IF(AT20="","",AT20) -> 5 | V20: =IF(AU20=0,"",AU20) | W20: =IF(AV20="","",AV20) -> 43 | AA20: Gesamt - Punkte | AD20: =SUM(AD7:AD19) -> 6 | AF20: =SUM(AF7:AF19) -> 6 | AH20: =SUM(AH7:AH19) -> 6 | AJ20: =SUM(AJ7:AJ19) -> 5 | AL20: =SUM(AL7:AL19) -> 5 | AN20: =SUM(AN7:AN19) -> 1 | AP20: =SUM(AP7:AP19) -> 6 | AR20: =SUM(AR7:AR19) -> 3 | AT20: =SUM(AT7:AT19) -> 5 | AV20: =SUM(AV7:AV19) -> 43 | BA20: =+AV20 -> 43 | BB20: =+AU19 -> 6680 | BC20: =+AA2 -> 1 | BF20: =SUM(BF1:BF19) -> 36 | BQ20: =+BB20/1000000+BA20 -> 43.00668 | BR20: =RANK(BQ20,BQ:BQ) -> 2
B22: =IF(AA22=0,"",AA22) -> Gegner-Nr.: | C22: =IF(AB22=0,"",AB22) -> >>>> | D22: =IF(AC22=0,"",AC22) -> 3 | E22: =IF(AD22=0,"",AD22) | F22: =IF(AE22=0,"",AE22) -> 9 | G22: =IF(AF22=0,"",AF22) | H22: =IF(AG22=0,"",AG22) -> 6 | I22: =IF(AH22=0,"",AH22) | ... U22: =IF(AT22=0,"",AT22) | AA22: Gegner-Nr.: | AB22: >>>> | AC22: =VLOOKUP($AA2,Schlüssel!$A$5:$K$14,3) -> 3 | AE22: =VLOOKUP($AA2,Schlüssel!$A$5:$K$14,4) -> 9 | AG22: =VLOOKUP($AA2,Schlüssel!$A$5:$K$14,5) -> 6 | AI22: =VLOOKUP($AA2,Schlüssel!$A$5:$K$14,6) -> 5 | AK22: =VLOOKUP($AA2,Schlüssel!$A$5:$K$14,7) -> 10 | AM22: =VLOOKUP($AA2,Schlüssel!$A$5:$K$14,8) -> 7 | AO22: =VLOOKUP($AA2,Schlüssel!$A$5:$K$14,9) -> 4 | AQ22: =VLOOKUP($AA2,Schlüssel!$A$5:$K$14,10) -> 2 | AS22: =VLOOKUP($AA2,Schlüssel!$A$5:$K$14,11) -> 8
B23: =IF(AA23=0,"",AA23) | C23: =IF(AB23=0,"",AB23) | D23: =IF(AC23=0,"",AC23) -> SG DJK Rimpar 1 | E23: =IF(AD23=0,"",AD23) | F23: =IF(AE23=0,"",AE23) -> Werdenfels 1 | G23: =IF(AF23=0,"",AF23) | H23: =IF(AG23=0,"",AG23) -> Bajuwaren München 1 | I23: =IF(AH23=0,"",AH23) | ... U23: =IF(AT23=0,"",AT23) | AC23: =VLOOKUP(AC22,Schlüssel!$A$5:$K$14,2) -> SG DJK Rimpar 1 | AE23: =VLOOKUP(AE22,Schlüssel!$A$5:$K$14,2) -> Werdenfels 1 | AG23: =VLOOKUP(AG22,Schlüssel!$A$5:$K$14,2) -> Bajuwaren München 1 | AI23: =VLOOKUP(AI22,Schlüssel!$A$5:$K$14,2) -> BC EMAX Unterföhring 2 | AK23: =VLOOKUP(AK22,Schlüssel!$A$5:$K$14,2) -> Donaubowler Regensburg 1 | AM23: =VLOOKUP(AM22,Schlüssel!$A$5:$K$14,2) -> Bowlinghaus Bamberg 1 | AO23: =VLOOKUP(AO22,Schlüssel!$A$5:$K$14,2) -> SG Rottendorf 1 | AQ23: =VLOOKUP(AQ22,Schlüssel!$A$5:$K$14,2) -> BK München 3 | AS23: =VLOOKUP(AS22,Schlüssel!$A$5:$K$14,2) -> Schanzer Ingolstadt 1
B24: =IF(AA24=0,"",AA24) | C24: =IF(AB24=0,"",AB24) | D24: =IF(AC24=0,"",AC24) | E24: =IF(AD24=0,"",AD24) | F24: =IF(AE24=0,"",AE24) | G24: =IF(AF24=0,"",AF24) | H24: =IF(AG24=0,"",AG24) | I24: =IF(AH24=0,"",AH24) | ... U24: =IF(AT24=0,"",AT24)
B25: =IF(AA25=0,"",AA25) -> Spieler 1 | C25: =IF(AB25=0,"",AB25) | D25: =IF(AC25=301,"",AC25) -> 167 | E25: =IF(AD25=0,"",AD25) | F25: =IF(AE25=301,"",AE25) -> 182 | G25: =IF(AF25=0,"",AF25) | H25: =IF(AG25=301,"",AG25) -> 173 | I25: =IF(AH25=0,"",AH25) | J25: =IF(AI25=301,"",AI25) -> 172 | K25: =IF(AJ25=0,"",AJ25) | L25: =IF(AK25=301,"",AK25) -> 156 | M25: =IF(AL25=0,"",AL25) | N25: =IF(AM25=301,"",AM25) -> 140 | O25: =IF(AN25=0,"",AN25) | P25: =IF(AO25=301,"",AO25) -> 174 | Q25: =IF(AP25=0,"",AP25) | R25: =IF(AQ25=301,"",AQ25) -> 179 | S25: =IF(AR25=0,"",AR25) | T25: =IF(AS25=301,"",AS25) -> 165 | U25: =IF(AT25=0,"",AT25) | AA25: Spieler 1 | AC25: =ABS(INDEX(AC:AC,MATCH(AC22,$AA:$AA,0)+5)+INDEX(AC:AC,MATCH(AC22,$AA:$AA,0)+6)+INDEX(AC:AC,MATCH(AC22,$AA:$AA,0)+7)) -> 167 | AE25: =ABS(INDEX(AE:AE,MATCH(AE22,$AA:$AA,0)+5)+INDEX(AE:AE,MATCH(AE22,$AA:$AA,0)+6)+INDEX(AE:AE,MATCH(AE22,$AA:$AA,0)+7)) -> 182 | AG25: =ABS(INDEX(AG:AG,MATCH(AG22,$AA:$AA,0)+5)+INDEX(AG:AG,MATCH(AG22,$AA:$AA,0)+6)+INDEX(AG:AG,MATCH(AG22,$AA:$AA,0)+7)) -> 173 | AI25: =ABS(INDEX(AI:AI,MATCH(AI22,$AA:$AA,0)+5)+INDEX(AI:AI,MATCH(AI22,$AA:$AA,0)+6)+INDEX(AI:AI,MATCH(AI22,$AA:$AA,0)+7)) -> 172 | AK25: =ABS(INDEX(AK:AK,MATCH(AK22,$AA:$AA,0)+5)+INDEX(AK:AK,MATCH(AK22,$AA:$AA,0)+6)+INDEX(AK:AK,MATCH(AK22,$AA:$AA,0)+7)) -> 156 | AM25: =ABS(INDEX(AM:AM,MATCH(AM22,$AA:$AA,0)+5)+INDEX(AM:AM,MATCH(AM22,$AA:$AA,0)+6)+INDEX(AM:AM,MATCH(AM22,$AA:$AA,0)+7)) -> 140 | AO25: =ABS(INDEX(AO:AO,MATCH(AO22,$AA:$AA,0)+5)+INDEX(AO:AO,MATCH(AO22,$AA:$AA,0)+6)+INDEX(AO:AO,MATCH(AO22,$AA:$AA,0)+7)) -> 174 | AQ25: =ABS(INDEX(AQ:AQ,MATCH(AQ22,$AA:$AA,0)+5)+INDEX(AQ:AQ,MATCH(AQ22,$AA:$AA,0)+6)+INDEX(AQ:AQ,MATCH(AQ22,$AA:$AA,0)+7)) -> 179 | AS25: =ABS(INDEX(AS:AS,MATCH(AS22,$AA:$AA,0)+5)+INDEX(AS:AS,MATCH(AS22,$AA:$AA,0)+6)+INDEX(AS:AS,MATCH(AS22,$AA:$AA,0)+7)) -> 165
B26: =IF(AA26=0,"",AA26) -> Spieler 2 | C26: =IF(AB26=0,"",AB26) | D26: =IF(AC26=301,"",AC26) -> 154 | E26: =IF(AD26=0,"",AD26) | F26: =IF(AE26=301,"",AE26) -> 153 | G26: =IF(AF26=0,"",AF26) | H26: =IF(AG26=301,"",AG26) -> 201 | I26: =IF(AH26=0,"",AH26) | J26: =IF(AI26=301,"",AI26) -> 184 | K26: =IF(AJ26=0,"",AJ26) | L26: =IF(AK26=301,"",AK26) -> 187 | M26: =IF(AL26=0,"",AL26) | N26: =IF(AM26=301,"",AM26) -> 183 | O26: =IF(AN26=0,"",AN26) | P26: =IF(AO26=301,"",AO26) -> 153 | Q26: =IF(AP26=0,"",AP26) | R26: =IF(AQ26=301,"",AQ26) -> 187 | S26: =IF(AR26=0,"",AR26) | T26: =IF(AS26=301,"",AS26) -> 198 | U26: =IF(AT26=0,"",AT26) | AA26: Spieler 2 | AC26: =ABS(INDEX(AC:AC,MATCH(AC22,$AA:$AA,0)+8)+INDEX(AC:AC,MATCH(AC22,$AA:$AA,0)+9)+INDEX(AC:AC,MATCH(AC22,$AA:$AA,0)+10)) -> 154 | AE26: =ABS(INDEX(AE:AE,MATCH(AE22,$AA:$AA,0)+8)+INDEX(AE:AE,MATCH(AE22,$AA:$AA,0)+9)+INDEX(AE:AE,MATCH(AE22,$AA:$AA,0)+10)) -> 153 | AG26: =ABS(INDEX(AG:AG,MATCH(AG22,$AA:$AA,0)+8)+INDEX(AG:AG,MATCH(AG22,$AA:$AA,0)+9)+INDEX(AG:AG,MATCH(AG22,$AA:$AA,0)+10)) -> 201 | AI26: =ABS(INDEX(AI:AI,MATCH(AI22,$AA:$AA,0)+8)+INDEX(AI:AI,MATCH(AI22,$AA:$AA,0)+9)+INDEX(AI:AI,MATCH(AI22,$AA:$AA,0)+10)) -> 184 | AK26: =ABS(INDEX(AK:AK,MATCH(AK22,$AA:$AA,0)+8)+INDEX(AK:AK,MATCH(AK22,$AA:$AA,0)+9)+INDEX(AK:AK,MATCH(AK22,$AA:$AA,0)+10)) -> 187 | AM26: =ABS(INDEX(AM:AM,MATCH(AM22,$AA:$AA,0)+8)+INDEX(AM:AM,MATCH(AM22,$AA:$AA,0)+9)+INDEX(AM:AM,MATCH(AM22,$AA:$AA,0)+10)) -> 183 | AO26: =ABS(INDEX(AO:AO,MATCH(AO22,$AA:$AA,0)+8)+INDEX(AO:AO,MATCH(AO22,$AA:$AA,0)+9)+INDEX(AO:AO,MATCH(AO22,$AA:$AA,0)+10)) -> 153 | AQ26: =ABS(INDEX(AQ:AQ,MATCH(AQ22,$AA:$AA,0)+8)+INDEX(AQ:AQ,MATCH(AQ22,$AA:$AA,0)+9)+INDEX(AQ:AQ,MATCH(AQ22,$AA:$AA,0)+10)) -> 187 | AS26: =ABS(INDEX(AS:AS,MATCH(AS22,$AA:$AA,0)+8)+INDEX(AS:AS,MATCH(AS22,$AA:$AA,0)+9)+INDEX(AS:AS,MATCH(AS22,$AA:$AA,0)+10)) -> 198
B27: =IF(AA27=0,"",AA27) -> Spieler 3 | C27: =IF(AB27=0,"",AB27) | D27: =IF(AC27=301,"",AC27) -> 223 | E27: =IF(AD27=0,"",AD27) | F27: =IF(AE27=301,"",AE27) -> 165 | G27: =IF(AF27=0,"",AF27) | H27: =IF(AG27=301,"",AG27) -> 142 | I27: =IF(AH27=0,"",AH27) | J27: =IF(AI27=301,"",AI27) -> 169 | K27: =IF(AJ27=0,"",AJ27) | L27: =IF(AK27=301,"",AK27) -> 158 | M27: =IF(AL27=0,"",AL27) | N27: =IF(AM27=301,"",AM27) -> 190 | O27: =IF(AN27=0,"",AN27) | P27: =IF(AO27=301,"",AO27) -> 154 | Q27: =IF(AP27=0,"",AP27) | R27: =IF(AQ27=301,"",AQ27) -> 194 | S27: =IF(AR27=0,"",AR27) | T27: =IF(AS27=301,"",AS27) -> 193 | U27: =IF(AT27=0,"",AT27) | AA27: Spieler 3 | AC27: =ABS(INDEX(AC:AC,MATCH(AC22,$AA:$AA,0)+11)+INDEX(AC:AC,MATCH(AC22,$AA:$AA,0)+12)+INDEX(AC:AC,MATCH(AC22,$AA:$AA,0)+13)) -> 223 | AE27: =ABS(INDEX(AE:AE,MATCH(AE22,$AA:$AA,0)+11)+INDEX(AE:AE,MATCH(AE22,$AA:$AA,0)+12)+INDEX(AE:AE,MATCH(AE22,$AA:$AA,0)+13)) -> 165 | AG27: =ABS(INDEX(AG:AG,MATCH(AG22,$AA:$AA,0)+11)+INDEX(AG:AG,MATCH(AG22,$AA:$AA,0)+12)+INDEX(AG:AG,MATCH(AG22,$AA:$AA,0)+13)) -> 142 | AI27: =ABS(INDEX(AI:AI,MATCH(AI22,$AA:$AA,0)+11)+INDEX(AI:AI,MATCH(AI22,$AA:$AA,0)+12)+INDEX(AI:AI,MATCH(AI22,$AA:$AA,0)+13)) -> 169 | AK27: =ABS(INDEX(AK:AK,MATCH(AK22,$AA:$AA,0)+11)+INDEX(AK:AK,MATCH(AK22,$AA:$AA,0)+12)+INDEX(AK:AK,MATCH(AK22,$AA:$AA,0)+13)) -> 158 | AM27: =ABS(INDEX(AM:AM,MATCH(AM22,$AA:$AA,0)+11)+INDEX(AM:AM,MATCH(AM22,$AA:$AA,0)+12)+INDEX(AM:AM,MATCH(AM22,$AA:$AA,0)+13)) -> 190 | AO27: =ABS(INDEX(AO:AO,MATCH(AO22,$AA:$AA,0)+11)+INDEX(AO:AO,MATCH(AO22,$AA:$AA,0)+12)+INDEX(AO:AO,MATCH(AO22,$AA:$AA,0)+13)) -> 154 | AQ27: =ABS(INDEX(AQ:AQ,MATCH(AQ22,$AA:$AA,0)+11)+INDEX(AQ:AQ,MATCH(AQ22,$AA:$AA,0)+12)+INDEX(AQ:AQ,MATCH(AQ22,$AA:$AA,0)+13)) -> 194 | AS27: =ABS(INDEX(AS:AS,MATCH(AS22,$AA:$AA,0)+11)+INDEX(AS:AS,MATCH(AS22,$AA:$AA,0)+12)+INDEX(AS:AS,MATCH(AS22,$AA:$AA,0)+13)) -> 193
B28: =IF(AA28=0,"",AA28) -> Spieler 4 | C28: =IF(AB28=0,"",AB28) | D28: =IF(AC28=301,"",AC28) -> 181 | E28: =IF(AD28=0,"",AD28) | F28: =IF(AE28=301,"",AE28) -> 160 | G28: =IF(AF28=0,"",AF28) | H28: =IF(AG28=301,"",AG28) -> 211 | I28: =IF(AH28=0,"",AH28) | J28: =IF(AI28=301,"",AI28) -> 191 | K28: =IF(AJ28=0,"",AJ28) | L28: =IF(AK28=301,"",AK28) -> 219 | M28: =IF(AL28=0,"",AL28) | N28: =IF(AM28=301,"",AM28) -> 216 | O28: =IF(AN28=0,"",AN28) | P28: =IF(AO28=301,"",AO28) -> 142 | Q28: =IF(AP28=0,"",AP28) | R28: =IF(AQ28=301,"",AQ28) -> 185 | S28: =IF(AR28=0,"",AR28) | T28: =IF(AS28=301,"",AS28) -> 138 | U28: =IF(AT28=0,"",AT28) | AA28: Spieler 4 | AC28: =ABS(INDEX(AC:AC,MATCH(AC22,$AA:$AA,0)+14)+INDEX(AC:AC,MATCH(AC22,$AA:$AA,0)+15)+INDEX(AC:AC,MATCH(AC22,$AA:$AA,0)+16)) -> 181 | AE28: =ABS(INDEX(AE:AE,MATCH(AE22,$AA:$AA,0)+14)+INDEX(AE:AE,MATCH(AE22,$AA:$AA,0)+15)+INDEX(AE:AE,MATCH(AE22,$AA:$AA,0)+16)) -> 160 | AG28: =ABS(INDEX(AG:AG,MATCH(AG22,$AA:$AA,0)+14)+INDEX(AG:AG,MATCH(AG22,$AA:$AA,0)+15)+INDEX(AG:AG,MATCH(AG22,$AA:$AA,0)+16)) -> 211 | AI28: =ABS(INDEX(AI:AI,MATCH(AI22,$AA:$AA,0)+14)+INDEX(AI:AI,MATCH(AI22,$AA:$AA,0)+15)+INDEX(AI:AI,MATCH(AI22,$AA:$AA,0)+16)) -> 191 | AK28: =ABS(INDEX(AK:AK,MATCH(AK22,$AA:$AA,0)+14)+INDEX(AK:AK,MATCH(AK22,$AA:$AA,0)+15)+INDEX(AK:AK,MATCH(AK22,$AA:$AA,0)+16)) -> 219 | AM28: =ABS(INDEX(AM:AM,MATCH(AM22,$AA:$AA,0)+14)+INDEX(AM:AM,MATCH(AM22,$AA:$AA,0)+15)+INDEX(AM:AM,MATCH(AM22,$AA:$AA,0)+16)) -> 216 | AO28: =ABS(INDEX(AO:AO,MATCH(AO22,$AA:$AA,0)+14)+INDEX(AO:AO,MATCH(AO22,$AA:$AA,0)+15)+INDEX(AO:AO,MATCH(AO22,$AA:$AA,0)+16)) -> 142 | AQ28: =ABS(INDEX(AQ:AQ,MATCH(AQ22,$AA:$AA,0)+14)+INDEX(AQ:AQ,MATCH(AQ22,$AA:$AA,0)+15)+INDEX(AQ:AQ,MATCH(AQ22,$AA:$AA,0)+16)) -> 185 | AS28: =ABS(INDEX(AS:AS,MATCH(AS22,$AA:$AA,0)+14)+INDEX(AS:AS,MATCH(AS22,$AA:$AA,0)+15)+INDEX(AS:AS,MATCH(AS22,$AA:$AA,0)+16)) -> 138
B29: =IF(AA29=0,"",AA29) -> Gesamt | C29: =IF(AB29=0,"",AB29) | D29: =IF(AC29=1505,"",AC29) -> 725 | E29: =IF(AD29=0,"",AD29) | F29: =IF(AE29=1505,"",AE29) -> 660 | G29: =IF(AF29=0,"",AF29) | H29: =IF(AG29=1505,"",AG29) -> 727 | I29: =IF(AH29=0,"",AH29) | J29: =IF(AI29=1505,"",AI29) -> 716 | K29: =IF(AJ29=0,"",AJ29) | L29: =IF(AK29=1505,"",AK29) -> 720 | M29: =IF(AL29=0,"",AL29) | N29: =IF(AM29=1505,"",AM29) -> 729 | O29: =IF(AN29=0,"",AN29) | P29: =IF(AO29=1505,"",AO29) -> 623 | Q29: =IF(AP29=0,"",AP29) | R29: =IF(AQ29=1505,"",AQ29) -> 745 | S29: =IF(AR29=0,"",AR29) | T29: =IF(AS29=1505,"",AS29) -> 694 | U29: =IF(AT29=0,"",AT29) | AA29: Gesamt | AC29: =SUM(AC25:AC28) -> 725 | AE29: =SUM(AE25:AE28) -> 660 | AG29: =SUM(AG25:AG28) -> 727 | AI29: =SUM(AI25:AI28) -> 716 | AK29: =SUM(AK25:AK28) -> 720 | AM29: =SUM(AM25:AM28) -> 729 | AO29: =SUM(AO25:AO28) -> 623 | AQ29: =SUM(AQ25:AQ28) -> 745 | AS29: =SUM(AS25:AS28) -> 694
B31: =AA31 -> Team-Nr. | D31: =AC31 -> Liga: | F31: =AE31 -> Bayernliga Herren | S31: Datum: | U31: =AT31 -> 04.10./05.10. | AA31: Team-Nr. | AC31: Liga: | AE31: =Schlüssel!$C$1 -> Bayernliga Herren | AR31: Datum: | AT31: =VLOOKUP(AS32,Spielorte!$A$1:$C$6,2) -> 04.10./05.10. | BA31: Punkte | BB31: Pins | BC31: Team | BD31: EDV | BE31: Pins | BF31: Spiele | BG31: Spiele RL | BH31: Sp1 | BI31: Sp2 | BJ31: Sp3 | BK31: Sp4 | BL31: Sp5 | BM31: Sp6 | BN31: Sp7 | BO31: Sp8 | BP31: Sp9 | BQ31: Tagestabelle Wert | BR31: Rang | BS31: Einzelspiel | BT31: Bestes | BU31: Team | BV31: Rang | BW31: Serie | BX31: Komplett | BY31: Bester Schnitt | BZ31: Rang
B32: =AA32 -> 2 | D32: Ort: | F32: =AE32 -> Regensburg Super Bowl | S32: Spieltag: | T32: =AS32 -> 1 | AA32: 2 | AC32: Ort: | AE32: =VLOOKUP(AS32,Spielorte!$A$1:$C$6,3) -> Regensburg Super Bowl | AR32: Spieltag: | AS32: 1
B33: =VLOOKUP(B32,Schlüssel!$A$5:$B$14,2) -> BK München 3 | AA33: =VLOOKUP(AA32,Schlüssel!$A$5:$B$14,2) -> BK München 3
D34: Bahn | E34: =VLOOKUP($B$2,Schlüssel!$A$5:$DZ$14,13) -> 7 | F34: Bahn | G34: =VLOOKUP($B$2,Schlüssel!$A$5:$DZ$14,14) -> 6 | H34: Bahn | I34: =VLOOKUP($B$2,Schlüssel!$A$5:$DZ$14,15) -> 9 | J34: Bahn | K34: =VLOOKUP($B$2,Schlüssel!$A$5:$DZ$14,16) -> 11 | L34: Bahn | M34: =VLOOKUP($B$2,Schlüssel!$A$5:$DZ$14,17) -> 3 | N34: Bahn | O34: =VLOOKUP($B$2,Schlüssel!$A$5:$DZ$14,18) -> 5 | P34: Bahn | Q34: =VLOOKUP($B$2,Schlüssel!$A$5:$DZ$14,19) -> 12 | R34: Bahn | S34: =VLOOKUP($B$2,Schlüssel!$A$5:$DZ$14,20) -> 10 | T34: Bahn | U34: =VLOOKUP($B$2,Schlüssel!$A$5:$DZ$14,21) -> 4 | AC34: Bahn | AD34: =VLOOKUP($AA32,Schlüssel!$A$5:$DZ$14,13) -> 3 | AE34: Bahn | AF34: =VLOOKUP($AA32,Schlüssel!$A$5:$DZ$14,14) -> 11 | AG34: Bahn | AH34: =VLOOKUP($AA32,Schlüssel!$A$5:$DZ$14,15) -> 8 | AI34: Bahn | AJ34: =VLOOKUP($AA32,Schlüssel!$A$5:$DZ$14,16) -> 6 | AK34: Bahn | AL34: =VLOOKUP($AA32,Schlüssel!$A$5:$DZ$14,17) -> 10 | AM34: Bahn | AN34: =VLOOKUP($AA32,Schlüssel!$A$5:$DZ$14,18) -> 4 | AO34: Bahn | AP34: =VLOOKUP($AA32,Schlüssel!$A$5:$DZ$14,19) -> 7 | AQ34: Bahn | AR34: =VLOOKUP($AA32,Schlüssel!$A$5:$DZ$14,20) -> 9 | AS34: Bahn | AT34: =VLOOKUP($AA32,Schlüssel!$A$5:$DZ$14,21) -> 5
B35: Spieler | D35: Spiel 1 | F35: Spiel 2 | H35: Spiel 3 | J35: Spiel 4 | L35: Spiel 5 | N35: Spiel 6 | P35: Spiel 7 | R35: Spiel 8 | T35: Spiel 9 | V35: Gesamt | AA35: Spieler | AC35: Spiel 1 | AE35: Spiel 2 | AG35: Spiel 3 | AI35: Spiel 4 | AK35: Spiel 5 | AM35: Spiel 6 | AO35: Spiel 7 | AQ35: Spiel 8 | AS35: Spiel 9 | AU35: Gesamt
B36: Name | C36: RL-Nr. | D36: Pins | E36: Pkt. | F36: Pins | G36: Pkt. | H36: Pins | I36: Pkt. | J36: Pins | K36: Pkt. | L36: Pins | M36: Pkt. | N36: Pins | O36: Pkt. | P36: Pins | Q36: Pkt. | R36: Pins | S36: Pkt. | T36: Pins | U36: Pkt. | V36: Pins | W36: Pkt. | AA36: Name | AB36: RL-Nr. | AC36: Pins | AD36: Pkt. | AE36: Pins | AF36: Pkt. | AG36: Pins | AH36: Pkt. | AI36: Pins | AJ36: Pkt. | AK36: Pins | AL36: Pkt. | AM36: Pins | AN36: Pkt. | AO36: Pins | AP36: Pkt. | AQ36: Pins | AR36: Pkt. | AS36: Pins | AT36: Pkt. | AU36: Pins | AV36: Pkt.
A37: Spieler 1 | B37: =IF(AA37=0,"",AA37) -> Börding Peter | C37: =IF(AB37=0,"",AB37) -> 7593 | D37: =IF(AC37=0,"",AC37) -> 145 | E37: =IF(AD37="","",AD37) -> 0 | F37: =IF(AE37=0,"",AE37) | G37: =IF(AF37="","",AF37) -> 0 | H37: =IF(AG37=0,"",AG37) | I37: =IF(AH37="","",AH37) -> 0 | J37: =IF(AI37=0,"",AI37) | K37: =IF(AJ37="","",AJ37) -> 0 | L37: =IF(AK37=0,"",AK37) -> 201 | M37: =IF(AL37="","",AL37) -> 1 | N37: =IF(AM37=0,"",AM37) -> 158 | O37: =IF(AN37="","",AN37) -> 0 | P37: =IF(AO37=0,"",AO37) | Q37: =IF(AP37="","",AP37) -> 1 | R37: =IF(AQ37=0,"",AQ37) | S37: =IF(AR37="","",AR37) -> 0 | T37: =IF(AS37=0,"",AS37) | U37: =IF(AT37="","",AT37) -> 1 | V37: =IF(AU37=0,"",AU37) -> 504 | W37: =IF(AV37="","",AV37) -> 3 | Z37: Spieler 1 | AA37: =IF(AB37=0,"",_xlfn.CONCAT(VLOOKUP(AB37,Starter!A:C,2,0))) -> Börding Peter | AB37: 7593 | AC37: 145 | AD37: =IF(SUM(AC37:AC39)+AC55=0,0,IF(SUM(ABS(AC37),ABS(AC38),ABS(AC39))=AC55,0.5,IF(SUM(ABS(AC37),ABS(AC38),ABS(AC39))>AC55,1,0))) -> 0 | AF37: =IF(SUM(AE37:AE39)+AE55=0,0,IF(SUM(ABS(AE37),ABS(AE38),ABS(AE39))=AE55,0.5,IF(SUM(ABS(AE37),ABS(AE38),ABS(AE39))>AE55,1,0))) -> 0 | AH37: =IF(SUM(AG37:AG39)+AG55=0,0,IF(SUM(ABS(AG37),ABS(AG38),ABS(AG39))=AG55,0.5,IF(SUM(ABS(AG37),ABS(AG38),ABS(AG39))>AG55,1,0))) -> 0 | AJ37: =IF(SUM(AI37:AI39)+AI55=0,0,IF(SUM(ABS(AI37),ABS(AI38),ABS(AI39))=AI55,0.5,IF(SUM(ABS(AI37),ABS(AI38),ABS(AI39))>AI55,1,0))) -> 0 | AK37: 201 | AL37: =IF(SUM(AK37:AK39)+AK55=0,0,IF(SUM(ABS(AK37),ABS(AK38),ABS(AK39))=AK55,0.5,IF(SUM(ABS(AK37),ABS(AK38),ABS(AK39))>AK55,1,0))) -> 1 | AM37: 158 | AN37: =IF(SUM(AM37:AM39)+AM55=0,0,IF(SUM(ABS(AM37),ABS(AM38),ABS(AM39))=AM55,0.5,IF(SUM(ABS(AM37),ABS(AM38),ABS(AM39))>AM55,1,0))) -> 0 | AP37: =IF(SUM(AO37:AO39)+AO55=0,0,IF(SUM(ABS(AO37),ABS(AO38),ABS(AO39))=AO55,0.5,IF(SUM(ABS(AO37),ABS(AO38),ABS(AO39))>AO55,1,0))) -> 1 | AR37: =IF(SUM(AQ37:AQ39)+AQ55=0,0,IF(SUM(ABS(AQ37),ABS(AQ38),ABS(AQ39))=AQ55,0.5,IF(SUM(ABS(AQ37),ABS(AQ38),ABS(AQ39))>AQ55,1,0))) -> 0 | AT37: =IF(SUM(AS37:AS39)+AS55=0,0,IF(SUM(ABS(AS37),ABS(AS38),ABS(AS39))=AS55,0.5,IF(SUM(ABS(AS37),ABS(AS38),ABS(AS39))>AS55,1,0))) -> 1 | AU37: =ABS(SUM(AC37:AC37))+ABS(SUM(AE37:AE37))+ABS(SUM(AG37:AG37))+ABS(SUM(AI37:AI37))+ABS(SUM(AK37:AK37))+ABS(SUM(AM37:AM37))+ABS(SUM(AO37:AO37))+ABS(SUM(AQ37:AQ37))+ABS(SUM(AS37:AS37)) -> 504 | AV37: =SUM(AD37+AF37+AH37+AJ37+AL37+AN37+AP37+AR37+AT37) -> 3 | BD37: =+AB37 -> 7593 | BE37: =+AU37 -> 504 | BF37: =COUNT(BH37:BP37) -> 3 | BG37: =COUNTIF(BH37:BP37,">0") -> 3 | BH37: =IF(AC37=0,"",AC37) -> 145 | BI37: =IF(AE37=0,"",AE37) | BJ37: =IF(AG37=0,"",AG37) | BK37: =IF(AI37=0,"",AI37) | BL37: =IF(AK37=0,"",AK37) -> 201 | BM37: =IF(AM37=0,"",AM37) -> 158 | BN37: =IF(AO37=0,"",AO37) | BO37: =IF(AQ37=0,"",AQ37) | BP37: =IF(AS37=0,"",AS37) | BS37: =MAX(BH37:BP37) -> 201 | BT37: =IF(BS37<MAX(BS:BS),0,BS37+ROW()/1000000000) -> 0 | BU37: =+AA33 -> BK München 3 | BV37: =RANK(BT37,BT:BT) -> 2 | BW37: =SUMIF(BH37:BP37,">0") -> 504 | BX37: =IF(COUNTIF(BH37:BP37,">0")<Spielorte!$A$23,0,BE37/Spielorte!$A$23) -> 0 | BY37: =IF(BX37<MAX(BX:BX),0,BX37+ROW()/1000000000) -> 0 | BZ37: =IF(BY37=0,0,RANK(BY37,BY:BY)) -> 0
B38: =IF(AA38=0,"",AA38) -> Baszler Patrik | C38: =IF(AB38=0,"",AB38) -> 7886 | D38: =IF(AC38=0,"",AC38) | F38: =IF(AE38=0,"",AE38) -> 158 | H38: =IF(AG38=0,"",AG38) -> 170 | J38: =IF(AI38=0,"",AI38) -> 181 | L38: =IF(AK38=0,"",AK38) | N38: =IF(AM38=0,"",AM38) | P38: =IF(AO38=0,"",AO38) | R38: =IF(AQ38=0,"",AQ38) | T38: =IF(AS38=0,"",AS38) | V38: =IF(AU38=0,"",AU38) -> 509 | AA38: =IF(AB38=0,"",_xlfn.CONCAT(VLOOKUP(AB38,Starter!A:C,2,0))) -> Baszler Patrik | AB38: 7886 | AE38: 158 | AG38: 170 | AI38: 181 | AU38: =ABS(SUM(AC38:AC38))+ABS(SUM(AE38:AE38))+ABS(SUM(AG38:AG38))+ABS(SUM(AI38:AI38))+ABS(SUM(AK38:AK38))+ABS(SUM(AM38:AM38))+ABS(SUM(AO38:AO38))+ABS(SUM(AQ38:AQ38))+ABS(SUM(AS38:AS38)) -> 509 | BD38: =+AB38 -> 7886 | BE38: =+AU38 -> 509 | BF38: =COUNT(BH38:BP38) -> 3 | BG38: =COUNTIF(BH38:BP38,">0") -> 3 | BH38: =IF(AC38=0,"",AC38) | BI38: =IF(AE38=0,"",AE38) -> 158 | BJ38: =IF(AG38=0,"",AG38) -> 170 | BK38: =IF(AI38=0,"",AI38) -> 181 | BL38: =IF(AK38=0,"",AK38) | BM38: =IF(AM38=0,"",AM38) | BN38: =IF(AO38=0,"",AO38) | BO38: =IF(AQ38=0,"",AQ38) | BP38: =IF(AS38=0,"",AS38) | BS38: =MAX(BH38:BP38) -> 181 | BT38: =IF(BS38<MAX(BS:BS),0,BS38+ROW()/1000000000) -> 0 | BU38: =+BU37 -> BK München 3 | BV38: =RANK(BT38,BT:BT) -> 2 | BW38: =SUMIF(BH38:BP38,">0") -> 509 | BX38: =IF(COUNTIF(BH38:BP38,">0")<Spielorte!$A$23,0,BE38/Spielorte!$A$23) -> 0 | BY38: =IF(BX38<MAX(BX:BX),0,BX38+ROW()/1000000000) -> 0 | BZ38: =IF(BY38=0,0,RANK(BY38,BY:BY)) -> 0
B39: =IF(AA39=0,"",AA39) -> Hinterwimmer Sebastian | C39: =IF(AB39=0,"",AB39) -> 7885 | D39: =IF(AC39=0,"",AC39) | F39: =IF(AE39=0,"",AE39) | H39: =IF(AG39=0,"",AG39) | J39: =IF(AI39=0,"",AI39) | L39: =IF(AK39=0,"",AK39) | N39: =IF(AM39=0,"",AM39) | P39: =IF(AO39=0,"",AO39) -> 236 | R39: =IF(AQ39=0,"",AQ39) -> 179 | T39: =IF(AS39=0,"",AS39) -> 211 | V39: =IF(AU39=0,"",AU39) -> 626 | AA39: =IF(AB39=0,"",_xlfn.CONCAT(VLOOKUP(AB39,Starter!A:C,2,0))) -> Hinterwimmer Sebastian | AB39: 7885 | AO39: 236 | AQ39: 179 | AS39: 211 | AU39: =ABS(SUM(AC39:AC39))+ABS(SUM(AE39:AE39))+ABS(SUM(AG39:AG39))+ABS(SUM(AI39:AI39))+ABS(SUM(AK39:AK39))+ABS(SUM(AM39:AM39))+ABS(SUM(AO39:AO39))+ABS(SUM(AQ39:AQ39))+ABS(SUM(AS39:AS39)) -> 626 | BD39: =+AB39 -> 7885 | BE39: =+AU39 -> 626 | BF39: =COUNT(BH39:BP39) -> 3 | BG39: =COUNTIF(BH39:BP39,">0") -> 3 | BH39: =IF(AC39=0,"",AC39) | BI39: =IF(AE39=0,"",AE39) | BJ39: =IF(AG39=0,"",AG39) | BK39: =IF(AI39=0,"",AI39) | BL39: =IF(AK39=0,"",AK39) | BM39: =IF(AM39=0,"",AM39) | BN39: =IF(AO39=0,"",AO39) -> 236 | BO39: =IF(AQ39=0,"",AQ39) -> 179 | BP39: =IF(AS39=0,"",AS39) -> 211 | BS39: =MAX(BH39:BP39) -> 236 | BT39: =IF(BS39<MAX(BS:BS),0,BS39+ROW()/1000000000) -> 0 | BU39: =+BU38 -> BK München 3 | BV39: =RANK(BT39,BT:BT) -> 2 | BW39: =SUMIF(BH39:BP39,">0") -> 626 | BX39: =IF(COUNTIF(BH39:BP39,">0")<Spielorte!$A$23,0,BE39/Spielorte!$A$23) -> 0 | BY39: =IF(BX39<MAX(BX:BX),0,BX39+ROW()/1000000000) -> 0 | BZ39: =IF(BY39=0,0,RANK(BY39,BY:BY)) -> 0
A40: Spieler 2 | B40: =IF(AA40=0,"",AA40) -> Baszler Patrik | C40: =IF(AB40=0,"",AB40) -> 7886 | D40: =IF(AC40=0,"",AC40) -> 208 | E40: =IF(AD40="","",AD40) -> 1 | F40: =IF(AE40=0,"",AE40) | G40: =IF(AF40="","",AF40) -> 1 | H40: =IF(AG40=0,"",AG40) | I40: =IF(AH40="","",AH40) -> 1 | J40: =IF(AI40=0,"",AI40) | K40: =IF(AJ40="","",AJ40) -> 1 | L40: =IF(AK40=0,"",AK40) | M40: =IF(AL40="","",AL40) -> 1 | N40: =IF(AM40=0,"",AM40) | O40: =IF(AN40="","",AN40) -> 1 | P40: =IF(AO40=0,"",AO40) | Q40: =IF(AP40="","",AP40) -> 1 | R40: =IF(AQ40=0,"",AQ40) | S40: =IF(AR40="","",AR40) -> 0 | T40: =IF(AS40=0,"",AS40) | U40: =IF(AT40="","",AT40) -> 1 | V40: =IF(AU40=0,"",AU40) -> 208 | W40: =IF(AV40="","",AV40) -> 8 | Z40: Spieler 2 | AA40: =IF(AB40=0,"",_xlfn.CONCAT(VLOOKUP(AB40,Starter!A:C,2,0))) -> Baszler Patrik | AB40: 7886 | AC40: 208 | AD40: =IF(SUM(AC40:AC42)+AC56=0,0,IF(SUM(ABS(AC40),ABS(AC41),ABS(AC42))=AC56,0.5,IF(SUM(ABS(AC40),ABS(AC41),ABS(AC42))>AC56,1,0))) -> 1 | AF40: =IF(SUM(AE40:AE42)+AE56=0,0,IF(SUM(ABS(AE40),ABS(AE41),ABS(AE42))=AE56,0.5,IF(SUM(ABS(AE40),ABS(AE41),ABS(AE42))>AE56,1,0))) -> 1 | AH40: =IF(SUM(AG40:AG42)+AG56=0,0,IF(SUM(ABS(AG40),ABS(AG41),ABS(AG42))=AG56,0.5,IF(SUM(ABS(AG40),ABS(AG41),ABS(AG42))>AG56,1,0))) -> 1 | AJ40: =IF(SUM(AI40:AI42)+AI56=0,0,IF(SUM(ABS(AI40),ABS(AI41),ABS(AI42))=AI56,0.5,IF(SUM(ABS(AI40),ABS(AI41),ABS(AI42))>AI56,1,0))) -> 1 | AL40: =IF(SUM(AK40:AK42)+AK56=0,0,IF(SUM(ABS(AK40),ABS(AK41),ABS(AK42))=AK56,0.5,IF(SUM(ABS(AK40),ABS(AK41),ABS(AK42))>AK56,1,0))) -> 1 | AN40: =IF(SUM(AM40:AM42)+AM56=0,0,IF(SUM(ABS(AM40),ABS(AM41),ABS(AM42))=AM56,0.5,IF(SUM(ABS(AM40),ABS(AM41),ABS(AM42))>AM56,1,0))) -> 1 | AP40: =IF(SUM(AO40:AO42)+AO56=0,0,IF(SUM(ABS(AO40),ABS(AO41),ABS(AO42))=AO56,0.5,IF(SUM(ABS(AO40),ABS(AO41),ABS(AO42))>AO56,1,0))) -> 1 | AR40: =IF(SUM(AQ40:AQ42)+AQ56=0,0,IF(SUM(ABS(AQ40),ABS(AQ41),ABS(AQ42))=AQ56,0.5,IF(SUM(ABS(AQ40),ABS(AQ41),ABS(AQ42))>AQ56,1,0))) -> 0 | AT40: =IF(SUM(AS40:AS42)+AS56=0,0,IF(SUM(ABS(AS40),ABS(AS41),ABS(AS42))=AS56,0.5,IF(SUM(ABS(AS40),ABS(AS41),ABS(AS42))>AS56,1,0))) -> 1 | AU40: =ABS(SUM(AC40:AC40))+ABS(SUM(AE40:AE40))+ABS(SUM(AG40:AG40))+ABS(SUM(AI40:AI40))+ABS(SUM(AK40:AK40))+ABS(SUM(AM40:AM40))+ABS(SUM(AO40:AO40))+ABS(SUM(AQ40:AQ40))+ABS(SUM(AS40:AS40)) -> 208 | AV40: =SUM(AD40+AF40+AH40+AJ40+AL40+AN40+AP40+AR40+AT40) -> 8 | BD40: =+AB40 -> 7886 | BE40: =+AU40 -> 208 | BF40: =COUNT(BH40:BP40) -> 1 | BG40: =COUNTIF(BH40:BP40,">0") -> 1 | BH40: =IF(AC40=0,"",AC40) -> 208 | BI40: =IF(AE40=0,"",AE40) | BJ40: =IF(AG40=0,"",AG40) | BK40: =IF(AI40=0,"",AI40) | BL40: =IF(AK40=0,"",AK40) | BM40: =IF(AM40=0,"",AM40) | BN40: =IF(AO40=0,"",AO40) | BO40: =IF(AQ40=0,"",AQ40) | BP40: =IF(AS40=0,"",AS40) | BS40: =MAX(BH40:BP40) -> 208 | BT40: =IF(BS40<MAX(BS:BS),0,BS40+ROW()/1000000000) -> 0 | BU40: =+BU39 -> BK München 3 | BV40: =RANK(BT40,BT:BT) -> 2 | BW40: =SUMIF(BH40:BP40,">0") -> 208 | BX40: =IF(COUNTIF(BH40:BP40,">0")<Spielorte!$A$23,0,BE40/Spielorte!$A$23) -> 0 | BY40: =IF(BX40<MAX(BX:BX),0,BX40+ROW()/1000000000) -> 0 | BZ40: =IF(BY40=0,0,RANK(BY40,BY:BY)) -> 0
B41: =IF(AA41=0,"",AA41) -> Hellmessen Maximilian | C41: =IF(AB41=0,"",AB41) -> 16912 | D41: =IF(AC41=0,"",AC41) | F41: =IF(AE41=0,"",AE41) -> 192 | H41: =IF(AG41=0,"",AG41) -> 228 | J41: =IF(AI41=0,"",AI41) -> 228 | L41: =IF(AK41=0,"",AK41) -> 225 | N41: =IF(AM41=0,"",AM41) -> 162 | P41: =IF(AO41=0,"",AO41) -> 176 | R41: =IF(AQ41=0,"",AQ41) -> 187 | T41: =IF(AS41=0,"",AS41) -> 226 | V41: =IF(AU41=0,"",AU41) -> 1624 | AA41: =IF(AB41=0,"",_xlfn.CONCAT(VLOOKUP(AB41,Starter!A:C,2,0))) -> Hellmessen Maximilian | AB41: 16912 | AE41: 192 | AG41: 228 | AI41: 228 | AK41: 225 | AM41: 162 | AO41: 176 | AQ41: 187 | AS41: 226 | AU41: =ABS(SUM(AC41:AC41))+ABS(SUM(AE41:AE41))+ABS(SUM(AG41:AG41))+ABS(SUM(AI41:AI41))+ABS(SUM(AK41:AK41))+ABS(SUM(AM41:AM41))+ABS(SUM(AO41:AO41))+ABS(SUM(AQ41:AQ41))+ABS(SUM(AS41:AS41)) -> 1624 | BD41: =+AB41 -> 16912 | BE41: =+AU41 -> 1624 | BF41: =COUNT(BH41:BP41) -> 8 | BG41: =COUNTIF(BH41:BP41,">0") -> 8 | BH41: =IF(AC41=0,"",AC41) | BI41: =IF(AE41=0,"",AE41) -> 192 | BJ41: =IF(AG41=0,"",AG41) -> 228 | BK41: =IF(AI41=0,"",AI41) -> 228 | BL41: =IF(AK41=0,"",AK41) -> 225 | BM41: =IF(AM41=0,"",AM41) -> 162 | BN41: =IF(AO41=0,"",AO41) -> 176 | BO41: =IF(AQ41=0,"",AQ41) -> 187 | BP41: =IF(AS41=0,"",AS41) -> 226 | BS41: =MAX(BH41:BP41) -> 228 | BT41: =IF(BS41<MAX(BS:BS),0,BS41+ROW()/1000000000) -> 0 | BU41: =+BU40 -> BK München 3 | BV41: =RANK(BT41,BT:BT) -> 2 | BW41: =SUMIF(BH41:BP41,">0") -> 1624 | BX41: =IF(COUNTIF(BH41:BP41,">0")<Spielorte!$A$23,0,BE41/Spielorte!$A$23) -> 0 | BY41: =IF(BX41<MAX(BX:BX),0,BX41+ROW()/1000000000) -> 0 | BZ41: =IF(BY41=0,0,RANK(BY41,BY:BY)) -> 0
B42: =IF(AA42=0,"",AA42) | C42: =IF(AB42=0,"",AB42) | D42: =IF(AC42=0,"",AC42) | F42: =IF(AE42=0,"",AE42) | H42: =IF(AG42=0,"",AG42) | J42: =IF(AI42=0,"",AI42) | L42: =IF(AK42=0,"",AK42) | N42: =IF(AM42=0,"",AM42) | P42: =IF(AO42=0,"",AO42) | R42: =IF(AQ42=0,"",AQ42) | T42: =IF(AS42=0,"",AS42) | V42: =IF(AU42=0,"",AU42) | AA42: =IF(AB42=0,"",_xlfn.CONCAT(VLOOKUP(AB42,Starter!A:C,2,0))) | AU42: =ABS(SUM(AC42:AC42))+ABS(SUM(AE42:AE42))+ABS(SUM(AG42:AG42))+ABS(SUM(AI42:AI42))+ABS(SUM(AK42:AK42))+ABS(SUM(AM42:AM42))+ABS(SUM(AO42:AO42))+ABS(SUM(AQ42:AQ42))+ABS(SUM(AS42:AS42)) -> 0 | BD42: =+AB42 -> 0 | BE42: =+AU42 -> 0 | BF42: =COUNT(BH42:BP42) -> 0 | BG42: =COUNTIF(BH42:BP42,">0") -> 0 | BH42: =IF(AC42=0,"",AC42) | BI42: =IF(AE42=0,"",AE42) | BJ42: =IF(AG42=0,"",AG42) | BK42: =IF(AI42=0,"",AI42) | BL42: =IF(AK42=0,"",AK42) | BM42: =IF(AM42=0,"",AM42) | BN42: =IF(AO42=0,"",AO42) | BO42: =IF(AQ42=0,"",AQ42) | BP42: =IF(AS42=0,"",AS42) | BS42: =MAX(BH42:BP42) -> 0 | BT42: =IF(BS42<MAX(BS:BS),0,BS42+ROW()/1000000000) -> 0 | BU42: =+BU41 -> BK München 3 | BV42: =RANK(BT42,BT:BT) -> 2 | BW42: =SUMIF(BH42:BP42,">0") -> 0 | BX42: =IF(COUNTIF(BH42:BP42,">0")<Spielorte!$A$23,0,BE42/Spielorte!$A$23) -> 0 | BY42: =IF(BX42<MAX(BX:BX),0,BX42+ROW()/1000000000) -> 0 | BZ42: =IF(BY42=0,0,RANK(BY42,BY:BY)) -> 0
A43: Spieler 3 | B43: =IF(AA43=0,"",AA43) -> Laub Harald | C43: =IF(AB43=0,"",AB43) -> 7597 | D43: =IF(AC43=0,"",AC43) -> 174 | E43: =IF(AD43="","",AD43) -> 0 | F43: =IF(AE43=0,"",AE43) -> 171 | G43: =IF(AF43="","",AF43) -> 1 | H43: =IF(AG43=0,"",AG43) -> 151 | I43: =IF(AH43="","",AH43) -> 0 | J43: =IF(AI43=0,"",AI43) | K43: =IF(AJ43="","",AJ43) -> 1 | L43: =IF(AK43=0,"",AK43) | M43: =IF(AL43="","",AL43) -> 1 | N43: =IF(AM43=0,"",AM43) | O43: =IF(AN43="","",AN43) -> 1 | P43: =IF(AO43=0,"",AO43) | Q43: =IF(AP43="","",AP43) -> 1 | R43: =IF(AQ43=0,"",AQ43) | S43: =IF(AR43="","",AR43) -> 1 | T43: =IF(AS43=0,"",AS43) | U43: =IF(AT43="","",AT43) -> 1 | V43: =IF(AU43=0,"",AU43) -> 496 | W43: =IF(AV43="","",AV43) -> 7 | Z43: Spieler 3 | AA43: =IF(AB43=0,"",_xlfn.CONCAT(VLOOKUP(AB43,Starter!A:C,2,0))) -> Laub Harald | AB43: 7597 | AC43: 174 | AD43: =IF(SUM(AC43:AC45)+AC57=0,0,IF(SUM(ABS(AC43),ABS(AC44),ABS(AC45))=AC57,0.5,IF(SUM(ABS(AC43),ABS(AC44),ABS(AC45))>AC57,1,0))) -> 0 | AE43: 171 | AF43: =IF(SUM(AE43:AE45)+AE57=0,0,IF(SUM(ABS(AE43),ABS(AE44),ABS(AE45))=AE57,0.5,IF(SUM(ABS(AE43),ABS(AE44),ABS(AE45))>AE57,1,0))) -> 1 | AG43: 151 | AH43: =IF(SUM(AG43:AG45)+AG57=0,0,IF(SUM(ABS(AG43),ABS(AG44),ABS(AG45))=AG57,0.5,IF(SUM(ABS(AG43),ABS(AG44),ABS(AG45))>AG57,1,0))) -> 0 | AJ43: =IF(SUM(AI43:AI45)+AI57=0,0,IF(SUM(ABS(AI43),ABS(AI44),ABS(AI45))=AI57,0.5,IF(SUM(ABS(AI43),ABS(AI44),ABS(AI45))>AI57,1,0))) -> 1 | AL43: =IF(SUM(AK43:AK45)+AK57=0,0,IF(SUM(ABS(AK43),ABS(AK44),ABS(AK45))=AK57,0.5,IF(SUM(ABS(AK43),ABS(AK44),ABS(AK45))>AK57,1,0))) -> 1 | AN43: =IF(SUM(AM43:AM45)+AM57=0,0,IF(SUM(ABS(AM43),ABS(AM44),ABS(AM45))=AM57,0.5,IF(SUM(ABS(AM43),ABS(AM44),ABS(AM45))>AM57,1,0))) -> 1 | AP43: =IF(SUM(AO43:AO45)+AO57=0,0,IF(SUM(ABS(AO43),ABS(AO44),ABS(AO45))=AO57,0.5,IF(SUM(ABS(AO43),ABS(AO44),ABS(AO45))>AO57,1,0))) -> 1 | AR43: =IF(SUM(AQ43:AQ45)+AQ57=0,0,IF(SUM(ABS(AQ43),ABS(AQ44),ABS(AQ45))=AQ57,0.5,IF(SUM(ABS(AQ43),ABS(AQ44),ABS(AQ45))>AQ57,1,0))) -> 1 | AT43: =IF(SUM(AS43:AS45)+AS57=0,0,IF(SUM(ABS(AS43),ABS(AS44),ABS(AS45))=AS57,0.5,IF(SUM(ABS(AS43),ABS(AS44),ABS(AS45))>AS57,1,0))) -> 1 | AU43: =ABS(SUM(AC43:AC43))+ABS(SUM(AE43:AE43))+ABS(SUM(AG43:AG43))+ABS(SUM(AI43:AI43))+ABS(SUM(AK43:AK43))+ABS(SUM(AM43:AM43))+ABS(SUM(AO43:AO43))+ABS(SUM(AQ43:AQ43))+ABS(SUM(AS43:AS43)) -> 496 | AV43: =SUM(AD43+AF43+AH43+AJ43+AL43+AN43+AP43+AR43+AT43) -> 7 | BD43: =+AB43 -> 7597 | BE43: =+AU43 -> 496 | BF43: =COUNT(BH43:BP43) -> 3 | BG43: =COUNTIF(BH43:BP43,">0") -> 3 | BH43: =IF(AC43=0,"",AC43) -> 174 | BI43: =IF(AE43=0,"",AE43) -> 171 | BJ43: =IF(AG43=0,"",AG43) -> 151 | BK43: =IF(AI43=0,"",AI43) | BL43: =IF(AK43=0,"",AK43) | BM43: =IF(AM43=0,"",AM43) | BN43: =IF(AO43=0,"",AO43) | BO43: =IF(AQ43=0,"",AQ43) | BP43: =IF(AS43=0,"",AS43) | BS43: =MAX(BH43:BP43) -> 174 | BT43: =IF(BS43<MAX(BS:BS),0,BS43+ROW()/1000000000) -> 0 | BU43: =+BU42 -> BK München 3 | BV43: =RANK(BT43,BT:BT) -> 2 | BW43: =SUMIF(BH43:BP43,">0") -> 496 | BX43: =IF(COUNTIF(BH43:BP43,">0")<Spielorte!$A$23,0,BE43/Spielorte!$A$23) -> 0 | BY43: =IF(BX43<MAX(BX:BX),0,BX43+ROW()/1000000000) -> 0 | BZ43: =IF(BY43=0,0,RANK(BY43,BY:BY)) -> 0
B44: =IF(AA44=0,"",AA44) -> Börding Peter | C44: =IF(AB44=0,"",AB44) -> 7593 | D44: =IF(AC44=0,"",AC44) | F44: =IF(AE44=0,"",AE44) | H44: =IF(AG44=0,"",AG44) | J44: =IF(AI44=0,"",AI44) -> 228 | L44: =IF(AK44=0,"",AK44) | N44: =IF(AM44=0,"",AM44) | P44: =IF(AO44=0,"",AO44) | R44: =IF(AQ44=0,"",AQ44) | T44: =IF(AS44=0,"",AS44) | V44: =IF(AU44=0,"",AU44) -> 228 | AA44: =IF(AB44=0,"",_xlfn.CONCAT(VLOOKUP(AB44,Starter!A:C,2,0))) -> Börding Peter | AB44: 7593 | AI44: 228 | AU44: =ABS(SUM(AC44:AC44))+ABS(SUM(AE44:AE44))+ABS(SUM(AG44:AG44))+ABS(SUM(AI44:AI44))+ABS(SUM(AK44:AK44))+ABS(SUM(AM44:AM44))+ABS(SUM(AO44:AO44))+ABS(SUM(AQ44:AQ44))+ABS(SUM(AS44:AS44)) -> 228 | BD44: =+AB44 -> 7593 | BE44: =+AU44 -> 228 | BF44: =COUNT(BH44:BP44) -> 1 | BG44: =COUNTIF(BH44:BP44,">0") -> 1 | BH44: =IF(AC44=0,"",AC44) | BI44: =IF(AE44=0,"",AE44) | BJ44: =IF(AG44=0,"",AG44) | BK44: =IF(AI44=0,"",AI44) -> 228 | BL44: =IF(AK44=0,"",AK44) | BM44: =IF(AM44=0,"",AM44) | BN44: =IF(AO44=0,"",AO44) | BO44: =IF(AQ44=0,"",AQ44) | BP44: =IF(AS44=0,"",AS44) | BS44: =MAX(BH44:BP44) -> 228 | BT44: =IF(BS44<MAX(BS:BS),0,BS44+ROW()/1000000000) -> 0 | BU44: =+BU43 -> BK München 3 | BV44: =RANK(BT44,BT:BT) -> 2 | BW44: =SUMIF(BH44:BP44,">0") -> 228 | BX44: =IF(COUNTIF(BH44:BP44,">0")<Spielorte!$A$23,0,BE44/Spielorte!$A$23) -> 0 | BY44: =IF(BX44<MAX(BX:BX),0,BX44+ROW()/1000000000) -> 0 | BZ44: =IF(BY44=0,0,RANK(BY44,BY:BY)) -> 0
B45: =IF(AA45=0,"",AA45) -> Hinterwimmer Georg | C45: =IF(AB45=0,"",AB45) -> 7867 | D45: =IF(AC45=0,"",AC45) | F45: =IF(AE45=0,"",AE45) | H45: =IF(AG45=0,"",AG45) | J45: =IF(AI45=0,"",AI45) | L45: =IF(AK45=0,"",AK45) -> 173 | N45: =IF(AM45=0,"",AM45) -> 170 | P45: =IF(AO45=0,"",AO45) -> 194 | R45: =IF(AQ45=0,"",AQ45) -> 194 | T45: =IF(AS45=0,"",AS45) -> 199 | V45: =IF(AU45=0,"",AU45) -> 930 | AA45: =IF(AB45=0,"",_xlfn.CONCAT(VLOOKUP(AB45,Starter!A:C,2,0))) -> Hinterwimmer Georg | AB45: 7867 | AK45: 173 | AM45: 170 | AO45: 194 | AQ45: 194 | AS45: 199 | AU45: =ABS(SUM(AC45:AC45))+ABS(SUM(AE45:AE45))+ABS(SUM(AG45:AG45))+ABS(SUM(AI45:AI45))+ABS(SUM(AK45:AK45))+ABS(SUM(AM45:AM45))+ABS(SUM(AO45:AO45))+ABS(SUM(AQ45:AQ45))+ABS(SUM(AS45:AS45)) -> 930 | BD45: =+AB45 -> 7867 | BE45: =+AU45 -> 930 | BF45: =COUNT(BH45:BP45) -> 5 | BG45: =COUNTIF(BH45:BP45,">0") -> 5 | BH45: =IF(AC45=0,"",AC45) | BI45: =IF(AE45=0,"",AE45) | BJ45: =IF(AG45=0,"",AG45) | BK45: =IF(AI45=0,"",AI45) | BL45: =IF(AK45=0,"",AK45) -> 173 | BM45: =IF(AM45=0,"",AM45) -> 170 | BN45: =IF(AO45=0,"",AO45) -> 194 | BO45: =IF(AQ45=0,"",AQ45) -> 194 | BP45: =IF(AS45=0,"",AS45) -> 199 | BS45: =MAX(BH45:BP45) -> 199 | BT45: =IF(BS45<MAX(BS:BS),0,BS45+ROW()/1000000000) -> 0 | BU45: =+BU44 -> BK München 3 | BV45: =RANK(BT45,BT:BT) -> 2 | BW45: =SUMIF(BH45:BP45,">0") -> 930 | BX45: =IF(COUNTIF(BH45:BP45,">0")<Spielorte!$A$23,0,BE45/Spielorte!$A$23) -> 0 | BY45: =IF(BX45<MAX(BX:BX),0,BX45+ROW()/1000000000) -> 0 | BZ45: =IF(BY45=0,0,RANK(BY45,BY:BY)) -> 0
A46: Spieler 4 | B46: =IF(AA46=0,"",AA46) -> Hinterwimmer Sebastian | C46: =IF(AB46=0,"",AB46) -> 7885 | D46: =IF(AC46=0,"",AC46) -> 177 | E46: =IF(AD46="","",AD46) -> 1 | F46: =IF(AE46=0,"",AE46) -> 190 | G46: =IF(AF46="","",AF46) -> 1 | H46: =IF(AG46=0,"",AG46) -> 228 | I46: =IF(AH46="","",AH46) -> 1 | J46: =IF(AI46=0,"",AI46) -> 180 | K46: =IF(AJ46="","",AJ46) -> 1 | L46: =IF(AK46=0,"",AK46) | M46: =IF(AL46="","",AL46) -> 1 | N46: =IF(AM46=0,"",AM46) | O46: =IF(AN46="","",AN46) -> 1 | P46: =IF(AO46=0,"",AO46) | Q46: =IF(AP46="","",AP46) -> 0 | R46: =IF(AQ46=0,"",AQ46) | S46: =IF(AR46="","",AR46) -> 0 | T46: =IF(AS46=0,"",AS46) | U46: =IF(AT46="","",AT46) -> 0 | V46: =IF(AU46=0,"",AU46) -> 775 | W46: =IF(AV46="","",AV46) -> 6 | Z46: Spieler 4 | AA46: =IF(AB46=0,"",_xlfn.CONCAT(VLOOKUP(AB46,Starter!A:C,2,0))) -> Hinterwimmer Sebastian | AB46: 7885 | AC46: 177 | AD46: =IF(SUM(AC46:AC48)+AC58=0,0,IF(SUM(ABS(AC46),ABS(AC47),ABS(AC48))=AC58,0.5,IF(SUM(ABS(AC46),ABS(AC47),ABS(AC48))>AC58,1,0))) -> 1 | AE46: 190 | AF46: =IF(SUM(AE46:AE48)+AE58=0,0,IF(SUM(ABS(AE46),ABS(AE47),ABS(AE48))=AE58,0.5,IF(SUM(ABS(AE46),ABS(AE47),ABS(AE48))>AE58,1,0))) -> 1 | AG46: 228 | AH46: =IF(SUM(AG46:AG48)+AG58=0,0,IF(SUM(ABS(AG46),ABS(AG47),ABS(AG48))=AG58,0.5,IF(SUM(ABS(AG46),ABS(AG47),ABS(AG48))>AG58,1,0))) -> 1 | AI46: 180 | AJ46: =IF(SUM(AI46:AI48)+AI58=0,0,IF(SUM(ABS(AI46),ABS(AI47),ABS(AI48))=AI58,0.5,IF(SUM(ABS(AI46),ABS(AI47),ABS(AI48))>AI58,1,0))) -> 1 | AL46: =IF(SUM(AK46:AK48)+AK58=0,0,IF(SUM(ABS(AK46),ABS(AK47),ABS(AK48))=AK58,0.5,IF(SUM(ABS(AK46),ABS(AK47),ABS(AK48))>AK58,1,0))) -> 1 | AN46: =IF(SUM(AM46:AM48)+AM58=0,0,IF(SUM(ABS(AM46),ABS(AM47),ABS(AM48))=AM58,0.5,IF(SUM(ABS(AM46),ABS(AM47),ABS(AM48))>AM58,1,0))) -> 1 | AP46: =IF(SUM(AO46:AO48)+AO58=0,0,IF(SUM(ABS(AO46),ABS(AO47),ABS(AO48))=AO58,0.5,IF(SUM(ABS(AO46),ABS(AO47),ABS(AO48))>AO58,1,0))) -> 0 | AR46: =IF(SUM(AQ46:AQ48)+AQ58=0,0,IF(SUM(ABS(AQ46),ABS(AQ47),ABS(AQ48))=AQ58,0.5,IF(SUM(ABS(AQ46),ABS(AQ47),ABS(AQ48))>AQ58,1,0))) -> 0 | AT46: =IF(SUM(AS46:AS48)+AS58=0,0,IF(SUM(ABS(AS46),ABS(AS47),ABS(AS48))=AS58,0.5,IF(SUM(ABS(AS46),ABS(AS47),ABS(AS48))>AS58,1,0))) -> 0 | AU46: =ABS(SUM(AC46:AC46))+ABS(SUM(AE46:AE46))+ABS(SUM(AG46:AG46))+ABS(SUM(AI46:AI46))+ABS(SUM(AK46:AK46))+ABS(SUM(AM46:AM46))+ABS(SUM(AO46:AO46))+ABS(SUM(AQ46:AQ46))+ABS(SUM(AS46:AS46)) -> 775 | AV46: =SUM(AD46+AF46+AH46+AJ46+AL46+AN46+AP46+AR46+AT46) -> 6 | BD46: =+AB46 -> 7885 | BE46: =+AU46 -> 775 | BF46: =COUNT(BH46:BP46) -> 4 | BG46: =COUNTIF(BH46:BP46,">0") -> 4 | BH46: =IF(AC46=0,"",AC46) -> 177 | BI46: =IF(AE46=0,"",AE46) -> 190 | BJ46: =IF(AG46=0,"",AG46) -> 228 | BK46: =IF(AI46=0,"",AI46) -> 180 | BL46: =IF(AK46=0,"",AK46) | BM46: =IF(AM46=0,"",AM46) | BN46: =IF(AO46=0,"",AO46) | BO46: =IF(AQ46=0,"",AQ46) | BP46: =IF(AS46=0,"",AS46) | BS46: =MAX(BH46:BP46) -> 228 | BT46: =IF(BS46<MAX(BS:BS),0,BS46+ROW()/1000000000) -> 0 | BU46: =+BU45 -> BK München 3 | BV46: =RANK(BT46,BT:BT) -> 2 | BW46: =SUMIF(BH46:BP46,">0") -> 775 | BX46: =IF(COUNTIF(BH46:BP46,">0")<Spielorte!$A$23,0,BE46/Spielorte!$A$23) -> 0 | BY46: =IF(BX46<MAX(BX:BX),0,BX46+ROW()/1000000000) -> 0 | BZ46: =IF(BY46=0,0,RANK(BY46,BY:BY)) -> 0
B47: =IF(AA47=0,"",AA47) -> Baszler Patrik | C47: =IF(AB47=0,"",AB47) -> 7886 | D47: =IF(AC47=0,"",AC47) | F47: =IF(AE47=0,"",AE47) | H47: =IF(AG47=0,"",AG47) | J47: =IF(AI47=0,"",AI47) | L47: =IF(AK47=0,"",AK47) -> 198 | N47: =IF(AM47=0,"",AM47) -> 189 | P47: =IF(AO47=0,"",AO47) -> 170 | R47: =IF(AQ47=0,"",AQ47) -> 185 | T47: =IF(AS47=0,"",AS47) -> 187 | V47: =IF(AU47=0,"",AU47) -> 929 | AA47: =IF(AB47=0,"",_xlfn.CONCAT(VLOOKUP(AB47,Starter!A:C,2,0))) -> Baszler Patrik | AB47: 7886 | AK47: 198 | AM47: 189 | AO47: 170 | AQ47: 185 | AS47: 187 | AU47: =ABS(SUM(AC47:AC47))+ABS(SUM(AE47:AE47))+ABS(SUM(AG47:AG47))+ABS(SUM(AI47:AI47))+ABS(SUM(AK47:AK47))+ABS(SUM(AM47:AM47))+ABS(SUM(AO47:AO47))+ABS(SUM(AQ47:AQ47))+ABS(SUM(AS47:AS47)) -> 929 | BD47: =+AB47 -> 7886 | BE47: =+AU47 -> 929 | BF47: =COUNT(BH47:BP47) -> 5 | BG47: =COUNTIF(BH47:BP47,">0") -> 5 | BH47: =IF(AC47=0,"",AC47) | BI47: =IF(AE47=0,"",AE47) | BJ47: =IF(AG47=0,"",AG47) | BK47: =IF(AI47=0,"",AI47) | BL47: =IF(AK47=0,"",AK47) -> 198 | BM47: =IF(AM47=0,"",AM47) -> 189 | BN47: =IF(AO47=0,"",AO47) -> 170 | BO47: =IF(AQ47=0,"",AQ47) -> 185 | BP47: =IF(AS47=0,"",AS47) -> 187 | BS47: =MAX(BH47:BP47) -> 198 | BT47: =IF(BS47<MAX(BS:BS),0,BS47+ROW()/1000000000) -> 0 | BU47: =+BU46 -> BK München 3 | BV47: =RANK(BT47,BT:BT) -> 2 | BW47: =SUMIF(BH47:BP47,">0") -> 929 | BX47: =IF(COUNTIF(BH47:BP47,">0")<Spielorte!$A$23,0,BE47/Spielorte!$A$23) -> 0 | BY47: =IF(BX47<MAX(BX:BX),0,BX47+ROW()/1000000000) -> 0 | BZ47: =IF(BY47=0,0,RANK(BY47,BY:BY)) -> 0
B48: =IF(AA48=0,"",AA48) | C48: =IF(AB48=0,"",AB48) | D48: =IF(AC48=0,"",AC48) | F48: =IF(AE48=0,"",AE48) | H48: =IF(AG48=0,"",AG48) | J48: =IF(AI48=0,"",AI48) | L48: =IF(AK48=0,"",AK48) | N48: =IF(AM48=0,"",AM48) | P48: =IF(AO48=0,"",AO48) | R48: =IF(AQ48=0,"",AQ48) | T48: =IF(AS48=0,"",AS48) | V48: =IF(AU48=0,"",AU48) | AA48: =IF(AB48=0,"",_xlfn.CONCAT(VLOOKUP(AB48,Starter!A:C,2,0))) | AU48: =ABS(SUM(AC48:AC48))+ABS(SUM(AE48:AE48))+ABS(SUM(AG48:AG48))+ABS(SUM(AI48:AI48))+ABS(SUM(AK48:AK48))+ABS(SUM(AM48:AM48))+ABS(SUM(AO48:AO48))+ABS(SUM(AQ48:AQ48))+ABS(SUM(AS48:AS48)) -> 0 | BD48: =+AB48 -> 0 | BE48: =+AU48 -> 0 | BF48: =COUNT(BH48:BP48) -> 0 | BG48: =COUNTIF(BH48:BP48,">0") -> 0 | BH48: =IF(AC48=0,"",AC48) | BI48: =IF(AE48=0,"",AE48) | BJ48: =IF(AG48=0,"",AG48) | BK48: =IF(AI48=0,"",AI48) | BL48: =IF(AK48=0,"",AK48) | BM48: =IF(AM48=0,"",AM48) | BN48: =IF(AO48=0,"",AO48) | BO48: =IF(AQ48=0,"",AQ48) | BP48: =IF(AS48=0,"",AS48) | BS48: =MAX(BH48:BP48) -> 0 | BT48: =IF(BS48<MAX(BS:BS),0,BS48+ROW()/1000000000) -> 0 | BU48: =+BU47 -> BK München 3 | BV48: =RANK(BT48,BT:BT) -> 2 | BW48: =SUMIF(BH48:BP48,">0") -> 0 | BX48: =IF(COUNTIF(BH48:BP48,">0")<Spielorte!$A$23,0,BE48/Spielorte!$A$23) -> 0 | BY48: =IF(BX48<MAX(BX:BX),0,BX48+ROW()/1000000000) -> 0 | BZ48: =IF(BY48=0,0,RANK(BY48,BY:BY)) -> 0
B49: =IF(AA49=0,"",AA49) -> Gesamt | C49: =IF(AB49=0,"",AB49) | D49: =IF(AC49=0,"",AC49) -> 704 | E49: =IF(AD49="","",AD49) -> 3 | F49: =IF(AE49=0,"",AE49) -> 711 | G49: =IF(AF49="","",AF49) -> 3 | H49: =IF(AG49=0,"",AG49) -> 777 | I49: =IF(AH49="","",AH49) -> 3 | J49: =IF(AI49=0,"",AI49) -> 817 | K49: =IF(AJ49="","",AJ49) -> 3 | L49: =IF(AK49=0,"",AK49) -> 797 | M49: =IF(AL49="","",AL49) -> 3 | N49: =IF(AM49=0,"",AM49) -> 679 | O49: =IF(AN49="","",AN49) -> 3 | P49: =IF(AO49=0,"",AO49) -> 776 | Q49: =IF(AP49="","",AP49) -> 3 | R49: =IF(AQ49=0,"",AQ49) -> 745 | S49: =IF(AR49="","",AR49) -> 3 | T49: =IF(AS49=0,"",AS49) -> 823 | U49: =IF(AT49="","",AT49) -> 3 | V49: =IF(AU49=0,"",AU49) -> 6829 | W49: =IF(AV49="","",AV49) -> 27 | AA49: Gesamt | AC49: =ABS(SUM(AC37:AC39))+ABS(SUM(AC40:AC42))+ABS(SUM(AC43:AC45))+ABS(SUM(AC46:AC48)) -> 704 | AD49: =IF(AC49+AC59=0,0,IF(AC49=AC59,1.5,IF(AC49>AC59,3,0))) -> 3 | AE49: =ABS(SUM(AE37:AE39))+ABS(SUM(AE40:AE42))+ABS(SUM(AE43:AE45))+ABS(SUM(AE46:AE48)) -> 711 | AF49: =IF(AE49+AE59=0,0,IF(AE49=AE59,1.5,IF(AE49>AE59,3,0))) -> 3 | AG49: =ABS(SUM(AG37:AG39))+ABS(SUM(AG40:AG42))+ABS(SUM(AG43:AG45))+ABS(SUM(AG46:AG48)) -> 777 | AH49: =IF(AG49+AG59=0,0,IF(AG49=AG59,1.5,IF(AG49>AG59,3,0))) -> 3 | AI49: =ABS(SUM(AI37:AI39))+ABS(SUM(AI40:AI42))+ABS(SUM(AI43:AI45))+ABS(SUM(AI46:AI48)) -> 817 | AJ49: =IF(AI49+AI59=0,0,IF(AI49=AI59,1.5,IF(AI49>AI59,3,0))) -> 3 | AK49: =ABS(SUM(AK37:AK39))+ABS(SUM(AK40:AK42))+ABS(SUM(AK43:AK45))+ABS(SUM(AK46:AK48)) -> 797 | AL49: =IF(AK49+AK59=0,0,IF(AK49=AK59,1.5,IF(AK49>AK59,3,0))) -> 3 | AM49: =ABS(SUM(AM37:AM39))+ABS(SUM(AM40:AM42))+ABS(SUM(AM43:AM45))+ABS(SUM(AM46:AM48)) -> 679 | AN49: =IF(AM49+AM59=0,0,IF(AM49=AM59,1.5,IF(AM49>AM59,3,0))) -> 3 | AO49: =ABS(SUM(AO37:AO39))+ABS(SUM(AO40:AO42))+ABS(SUM(AO43:AO45))+ABS(SUM(AO46:AO48)) -> 776 | AP49: =IF(AO49+AO59=0,0,IF(AO49=AO59,1.5,IF(AO49>AO59,3,0))) -> 3 | AQ49: =ABS(SUM(AQ37:AQ39))+ABS(SUM(AQ40:AQ42))+ABS(SUM(AQ43:AQ45))+ABS(SUM(AQ46:AQ48)) -> 745 | AR49: =IF(AQ49+AQ59=0,0,IF(AQ49=AQ59,1.5,IF(AQ49>AQ59,3,0))) -> 3 | AS49: =ABS(SUM(AS37:AS39))+ABS(SUM(AS40:AS42))+ABS(SUM(AS43:AS45))+ABS(SUM(AS46:AS48)) -> 823 | AT49: =IF(AS49+AS59=0,0,IF(AS49=AS59,1.5,IF(AS49>AS59,3,0))) -> 3 | AU49: =SUM(AC49+AE49+AG49+AI49+AK49+AM49+AO49+AQ49+AS49) -> 6829 | AV49: =SUM(AD49+AF49+AH49+AJ49+AL49+AN49+AP49+AR49+AT49) -> 27
B50: =IF(AA50=0,"",AA50) -> Gesamt - Punkte | C50: =IF(AB50=0,"",AB50) | D50: =IF(AC50=0,"",AC50) | E50: =IF(AD50="","",AD50) -> 5 | F50: =IF(AE50=0,"",AE50) | G50: =IF(AF50="","",AF50) -> 6 | H50: =IF(AG50=0,"",AG50) | I50: =IF(AH50="","",AH50) -> 5 | J50: =IF(AI50=0,"",AI50) | K50: =IF(AJ50="","",AJ50) -> 6 | L50: =IF(AK50=0,"",AK50) | M50: =IF(AL50="","",AL50) -> 7 | N50: =IF(AM50=0,"",AM50) | O50: =IF(AN50="","",AN50) -> 6 | P50: =IF(AO50=0,"",AO50) | Q50: =IF(AP50="","",AP50) -> 6 | R50: =IF(AQ50=0,"",AQ50) | S50: =IF(AR50="","",AR50) -> 4 | T50: =IF(AS50=0,"",AS50) | U50: =IF(AT50="","",AT50) -> 6 | V50: =IF(AU50=0,"",AU50) | W50: =IF(AV50="","",AV50) -> 51 | AA50: Gesamt - Punkte | AD50: =SUM(AD37:AD49) -> 5 | AF50: =SUM(AF37:AF49) -> 6 | AH50: =SUM(AH37:AH49) -> 5 | AJ50: =SUM(AJ37:AJ49) -> 6 | AL50: =SUM(AL37:AL49) -> 7 | AN50: =SUM(AN37:AN49) -> 6 | AP50: =SUM(AP37:AP49) -> 6 | AR50: =SUM(AR37:AR49) -> 4 | AT50: =SUM(AT37:AT49) -> 6 | AV50: =SUM(AV37:AV49) -> 51 | BA50: =+AV50 -> 51 | BB50: =+AU49 -> 6829 | BC50: =+AA32 -> 2 | BF50: =SUM(BF31:BF49) -> 36 | BQ50: =+BB50/1000000+BA50 -> 51.006829 | BR50: =RANK(BQ50,BQ:BQ) -> 1
B52: =IF(AA52=0,"",AA52) -> Gegner-Nr.: | C52: =IF(AB52=0,"",AB52) -> >>>> | D52: =IF(AC52=0,"",AC52) -> 6 | E52: =IF(AD52=0,"",AD52) | F52: =IF(AE52=0,"",AE52) -> 4 | G52: =IF(AF52=0,"",AF52) | H52: =IF(AG52=0,"",AG52) -> 8 | I52: =IF(AH52=0,"",AH52) | ... U52: =IF(AT52=0,"",AT52) | AA52: Gegner-Nr.: | AB52: >>>> | AC52: =VLOOKUP($AA32,Schlüssel!$A$5:$K$14,3) -> 6 | AE52: =VLOOKUP($AA32,Schlüssel!$A$5:$K$14,4) -> 4 | AG52: =VLOOKUP($AA32,Schlüssel!$A$5:$K$14,5) -> 8 | AI52: =VLOOKUP($AA32,Schlüssel!$A$5:$K$14,6) -> 7 | AK52: =VLOOKUP($AA32,Schlüssel!$A$5:$K$14,7) -> 3 | AM52: =VLOOKUP($AA32,Schlüssel!$A$5:$K$14,8) -> 5 | AO52: =VLOOKUP($AA32,Schlüssel!$A$5:$K$14,9) -> 10 | AQ52: =VLOOKUP($AA32,Schlüssel!$A$5:$K$14,10) -> 1 | AS52: =VLOOKUP($AA32,Schlüssel!$A$5:$K$14,11) -> 9
B53: =IF(AA53=0,"",AA53) | C53: =IF(AB53=0,"",AB53) | D53: =IF(AC53=0,"",AC53) -> Bajuwaren München 1 | E53: =IF(AD53=0,"",AD53) | F53: =IF(AE53=0,"",AE53) -> SG Rottendorf 1 | G53: =IF(AF53=0,"",AF53) | H53: =IF(AG53=0,"",AG53) -> Schanzer Ingolstadt 1 | I53: =IF(AH53=0,"",AH53) | ... U53: =IF(AT53=0,"",AT53) | AC53: =VLOOKUP(AC52,Schlüssel!$A$5:$K$14,2) -> Bajuwaren München 1 | AE53: =VLOOKUP(AE52,Schlüssel!$A$5:$K$14,2) -> SG Rottendorf 1 | AG53: =VLOOKUP(AG52,Schlüssel!$A$5:$K$14,2) -> Schanzer Ingolstadt 1 | AI53: =VLOOKUP(AI52,Schlüssel!$A$5:$K$14,2) -> Bowlinghaus Bamberg 1 | AK53: =VLOOKUP(AK52,Schlüssel!$A$5:$K$14,2) -> SG DJK Rimpar 1 | AM53: =VLOOKUP(AM52,Schlüssel!$A$5:$K$14,2) -> BC EMAX Unterföhring 2 | AO53: =VLOOKUP(AO52,Schlüssel!$A$5:$K$14,2) -> Donaubowler Regensburg 1 | AQ53: =VLOOKUP(AQ52,Schlüssel!$A$5:$K$14,2) -> BC Comet Nürnberg | AS53: =VLOOKUP(AS52,Schlüssel!$A$5:$K$14,2) -> Werdenfels 1
B54: =IF(AA54=0,"",AA54) | C54: =IF(AB54=0,"",AB54) | D54: =IF(AC54=0,"",AC54) | E54: =IF(AD54=0,"",AD54) | F54: =IF(AE54=0,"",AE54) | G54: =IF(AF54=0,"",AF54) | H54: =IF(AG54=0,"",AG54) | I54: =IF(AH54=0,"",AH54) | ... U54: =IF(AT54=0,"",AT54)
B55: =IF(AA55=0,"",AA55) -> Spieler 1 | C55: =IF(AB55=0,"",AB55) | D55: =IF(AC55=301,"",AC55) -> 180 | E55: =IF(AD55=0,"",AD55) | F55: =IF(AE55=301,"",AE55) -> 179 | G55: =IF(AF55=0,"",AF55) | H55: =IF(AG55=301,"",AG55) -> 202 | I55: =IF(AH55=0,"",AH55) | J55: =IF(AI55=301,"",AI55) -> 186 | K55: =IF(AJ55=0,"",AJ55) | L55: =IF(AK55=301,"",AK55) -> 174 | M55: =IF(AL55=0,"",AL55) | N55: =IF(AM55=301,"",AM55) -> 172 | O55: =IF(AN55=0,"",AN55) | P55: =IF(AO55=301,"",AO55) -> 160 | Q55: =IF(AP55=0,"",AP55) | R55: =IF(AQ55=301,"",AQ55) -> 185 | S55: =IF(AR55=0,"",AR55) | T55: =IF(AS55=301,"",AS55) -> 170 | U55: =IF(AT55=0,"",AT55) | AA55: Spieler 1 | AC55: =ABS(INDEX(AC:AC,MATCH(AC52,$AA:$AA,0)+5)+INDEX(AC:AC,MATCH(AC52,$AA:$AA,0)+6)+INDEX(AC:AC,MATCH(AC52,$AA:$AA,0)+7)) -> 180 | AE55: =ABS(INDEX(AE:AE,MATCH(AE52,$AA:$AA,0)+5)+INDEX(AE:AE,MATCH(AE52,$AA:$AA,0)+6)+INDEX(AE:AE,MATCH(AE52,$AA:$AA,0)+7)) -> 179 | AG55: =ABS(INDEX(AG:AG,MATCH(AG52,$AA:$AA,0)+5)+INDEX(AG:AG,MATCH(AG52,$AA:$AA,0)+6)+INDEX(AG:AG,MATCH(AG52,$AA:$AA,0)+7)) -> 202 | AI55: =ABS(INDEX(AI:AI,MATCH(AI52,$AA:$AA,0)+5)+INDEX(AI:AI,MATCH(AI52,$AA:$AA,0)+6)+INDEX(AI:AI,MATCH(AI52,$AA:$AA,0)+7)) -> 186 | AK55: =ABS(INDEX(AK:AK,MATCH(AK52,$AA:$AA,0)+5)+INDEX(AK:AK,MATCH(AK52,$AA:$AA,0)+6)+INDEX(AK:AK,MATCH(AK52,$AA:$AA,0)+7)) -> 174 | AM55: =ABS(INDEX(AM:AM,MATCH(AM52,$AA:$AA,0)+5)+INDEX(AM:AM,MATCH(AM52,$AA:$AA,0)+6)+INDEX(AM:AM,MATCH(AM52,$AA:$AA,0)+7)) -> 172 | AO55: =ABS(INDEX(AO:AO,MATCH(AO52,$AA:$AA,0)+5)+INDEX(AO:AO,MATCH(AO52,$AA:$AA,0)+6)+INDEX(AO:AO,MATCH(AO52,$AA:$AA,0)+7)) -> 160 | AQ55: =ABS(INDEX(AQ:AQ,MATCH(AQ52,$AA:$AA,0)+5)+INDEX(AQ:AQ,MATCH(AQ52,$AA:$AA,0)+6)+INDEX(AQ:AQ,MATCH(AQ52,$AA:$AA,0)+7)) -> 185 | AS55: =ABS(INDEX(AS:AS,MATCH(AS52,$AA:$AA,0)+5)+INDEX(AS:AS,MATCH(AS52,$AA:$AA,0)+6)+INDEX(AS:AS,MATCH(AS52,$AA:$AA,0)+7)) -> 170
B56: =IF(AA56=0,"",AA56) -> Spieler 2 | C56: =IF(AB56=0,"",AB56) | D56: =IF(AC56=301,"",AC56) -> 139 | E56: =IF(AD56=0,"",AD56) | F56: =IF(AE56=301,"",AE56) -> 171 | G56: =IF(AF56=0,"",AF56) | H56: =IF(AG56=301,"",AG56) -> 177 | I56: =IF(AH56=0,"",AH56) | J56: =IF(AI56=301,"",AI56) -> 199 | K56: =IF(AJ56=0,"",AJ56) | L56: =IF(AK56=301,"",AK56) -> 196 | M56: =IF(AL56=0,"",AL56) | N56: =IF(AM56=301,"",AM56) -> 150 | O56: =IF(AN56=0,"",AN56) | P56: =IF(AO56=301,"",AO56) -> 175 | Q56: =IF(AP56=0,"",AP56) | R56: =IF(AQ56=301,"",AQ56) -> 191 | S56: =IF(AR56=0,"",AR56) | T56: =IF(AS56=301,"",AS56) -> 155 | U56: =IF(AT56=0,"",AT56) | AA56: Spieler 2 | AC56: =ABS(INDEX(AC:AC,MATCH(AC52,$AA:$AA,0)+8)+INDEX(AC:AC,MATCH(AC52,$AA:$AA,0)+9)+INDEX(AC:AC,MATCH(AC52,$AA:$AA,0)+10)) -> 139 | AE56: =ABS(INDEX(AE:AE,MATCH(AE52,$AA:$AA,0)+8)+INDEX(AE:AE,MATCH(AE52,$AA:$AA,0)+9)+INDEX(AE:AE,MATCH(AE52,$AA:$AA,0)+10)) -> 171 | AG56: =ABS(INDEX(AG:AG,MATCH(AG52,$AA:$AA,0)+8)+INDEX(AG:AG,MATCH(AG52,$AA:$AA,0)+9)+INDEX(AG:AG,MATCH(AG52,$AA:$AA,0)+10)) -> 177 | AI56: =ABS(INDEX(AI:AI,MATCH(AI52,$AA:$AA,0)+8)+INDEX(AI:AI,MATCH(AI52,$AA:$AA,0)+9)+INDEX(AI:AI,MATCH(AI52,$AA:$AA,0)+10)) -> 199 | AK56: =ABS(INDEX(AK:AK,MATCH(AK52,$AA:$AA,0)+8)+INDEX(AK:AK,MATCH(AK52,$AA:$AA,0)+9)+INDEX(AK:AK,MATCH(AK52,$AA:$AA,0)+10)) -> 196 | AM56: =ABS(INDEX(AM:AM,MATCH(AM52,$AA:$AA,0)+8)+INDEX(AM:AM,MATCH(AM52,$AA:$AA,0)+9)+INDEX(AM:AM,MATCH(AM52,$AA:$AA,0)+10)) -> 150 | AO56: =ABS(INDEX(AO:AO,MATCH(AO52,$AA:$AA,0)+8)+INDEX(AO:AO,MATCH(AO52,$AA:$AA,0)+9)+INDEX(AO:AO,MATCH(AO52,$AA:$AA,0)+10)) -> 175 | AQ56: =ABS(INDEX(AQ:AQ,MATCH(AQ52,$AA:$AA,0)+8)+INDEX(AQ:AQ,MATCH(AQ52,$AA:$AA,0)+9)+INDEX(AQ:AQ,MATCH(AQ52,$AA:$AA,0)+10)) -> 191 | AS56: =ABS(INDEX(AS:AS,MATCH(AS52,$AA:$AA,0)+8)+INDEX(AS:AS,MATCH(AS52,$AA:$AA,0)+9)+INDEX(AS:AS,MATCH(AS52,$AA:$AA,0)+10)) -> 155
B57: =IF(AA57=0,"",AA57) -> Spieler 3 | C57: =IF(AB57=0,"",AB57) | D57: =IF(AC57=301,"",AC57) -> 177 | E57: =IF(AD57=0,"",AD57) | F57: =IF(AE57=301,"",AE57) -> 145 | G57: =IF(AF57=0,"",AF57) | H57: =IF(AG57=301,"",AG57) -> 177 | I57: =IF(AH57=0,"",AH57) | J57: =IF(AI57=301,"",AI57) -> 176 | K57: =IF(AJ57=0,"",AJ57) | L57: =IF(AK57=301,"",AK57) -> 155 | M57: =IF(AL57=0,"",AL57) | N57: =IF(AM57=301,"",AM57) -> 127 | O57: =IF(AN57=0,"",AN57) | P57: =IF(AO57=301,"",AO57) -> 168 | Q57: =IF(AP57=0,"",AP57) | R57: =IF(AQ57=301,"",AQ57) -> 178 | S57: =IF(AR57=0,"",AR57) | T57: =IF(AS57=301,"",AS57) -> 167 | U57: =IF(AT57=0,"",AT57) | AA57: Spieler 3 | AC57: =ABS(INDEX(AC:AC,MATCH(AC52,$AA:$AA,0)+11)+INDEX(AC:AC,MATCH(AC52,$AA:$AA,0)+12)+INDEX(AC:AC,MATCH(AC52,$AA:$AA,0)+13)) -> 177 | AE57: =ABS(INDEX(AE:AE,MATCH(AE52,$AA:$AA,0)+11)+INDEX(AE:AE,MATCH(AE52,$AA:$AA,0)+12)+INDEX(AE:AE,MATCH(AE52,$AA:$AA,0)+13)) -> 145 | AG57: =ABS(INDEX(AG:AG,MATCH(AG52,$AA:$AA,0)+11)+INDEX(AG:AG,MATCH(AG52,$AA:$AA,0)+12)+INDEX(AG:AG,MATCH(AG52,$AA:$AA,0)+13)) -> 177 | AI57: =ABS(INDEX(AI:AI,MATCH(AI52,$AA:$AA,0)+11)+INDEX(AI:AI,MATCH(AI52,$AA:$AA,0)+12)+INDEX(AI:AI,MATCH(AI52,$AA:$AA,0)+13)) -> 176 | AK57: =ABS(INDEX(AK:AK,MATCH(AK52,$AA:$AA,0)+11)+INDEX(AK:AK,MATCH(AK52,$AA:$AA,0)+12)+INDEX(AK:AK,MATCH(AK52,$AA:$AA,0)+13)) -> 155 | AM57: =ABS(INDEX(AM:AM,MATCH(AM52,$AA:$AA,0)+11)+INDEX(AM:AM,MATCH(AM52,$AA:$AA,0)+12)+INDEX(AM:AM,MATCH(AM52,$AA:$AA,0)+13)) -> 127 | AO57: =ABS(INDEX(AO:AO,MATCH(AO52,$AA:$AA,0)+11)+INDEX(AO:AO,MATCH(AO52,$AA:$AA,0)+12)+INDEX(AO:AO,MATCH(AO52,$AA:$AA,0)+13)) -> 168 | AQ57: =ABS(INDEX(AQ:AQ,MATCH(AQ52,$AA:$AA,0)+11)+INDEX(AQ:AQ,MATCH(AQ52,$AA:$AA,0)+12)+INDEX(AQ:AQ,MATCH(AQ52,$AA:$AA,0)+13)) -> 178 | AS57: =ABS(INDEX(AS:AS,MATCH(AS52,$AA:$AA,0)+11)+INDEX(AS:AS,MATCH(AS52,$AA:$AA,0)+12)+INDEX(AS:AS,MATCH(AS52,$AA:$AA,0)+13)) -> 167
B58: =IF(AA58=0,"",AA58) -> Spieler 4 | C58: =IF(AB58=0,"",AB58) | D58: =IF(AC58=301,"",AC58) -> 155 | E58: =IF(AD58=0,"",AD58) | F58: =IF(AE58=301,"",AE58) -> 183 | G58: =IF(AF58=0,"",AF58) | H58: =IF(AG58=301,"",AG58) -> 167 | I58: =IF(AH58=0,"",AH58) | J58: =IF(AI58=301,"",AI58) -> 166 | K58: =IF(AJ58=0,"",AJ58) | L58: =IF(AK58=301,"",AK58) -> 182 | M58: =IF(AL58=0,"",AL58) | N58: =IF(AM58=301,"",AM58) -> 173 | O58: =IF(AN58=0,"",AN58) | P58: =IF(AO58=301,"",AO58) -> 178 | Q58: =IF(AP58=0,"",AP58) | R58: =IF(AQ58=301,"",AQ58) -> 189 | S58: =IF(AR58=0,"",AR58) | T58: =IF(AS58=301,"",AS58) -> 211 | U58: =IF(AT58=0,"",AT58) | AA58: Spieler 4 | AC58: =ABS(INDEX(AC:AC,MATCH(AC52,$AA:$AA,0)+14)+INDEX(AC:AC,MATCH(AC52,$AA:$AA,0)+15)+INDEX(AC:AC,MATCH(AC52,$AA:$AA,0)+16)) -> 155 | AE58: =ABS(INDEX(AE:AE,MATCH(AE52,$AA:$AA,0)+14)+INDEX(AE:AE,MATCH(AE52,$AA:$AA,0)+15)+INDEX(AE:AE,MATCH(AE52,$AA:$AA,0)+16)) -> 183 | AG58: =ABS(INDEX(AG:AG,MATCH(AG52,$AA:$AA,0)+14)+INDEX(AG:AG,MATCH(AG52,$AA:$AA,0)+15)+INDEX(AG:AG,MATCH(AG52,$AA:$AA,0)+16)) -> 167 | AI58: =ABS(INDEX(AI:AI,MATCH(AI52,$AA:$AA,0)+14)+INDEX(AI:AI,MATCH(AI52,$AA:$AA,0)+15)+INDEX(AI:AI,MATCH(AI52,$AA:$AA,0)+16)) -> 166 | AK58: =ABS(INDEX(AK:AK,MATCH(AK52,$AA:$AA,0)+14)+INDEX(AK:AK,MATCH(AK52,$AA:$AA,0)+15)+INDEX(AK:AK,MATCH(AK52,$AA:$AA,0)+16)) -> 182 | AM58: =ABS(INDEX(AM:AM,MATCH(AM52,$AA:$AA,0)+14)+INDEX(AM:AM,MATCH(AM52,$AA:$AA,0)+15)+INDEX(AM:AM,MATCH(AM52,$AA:$AA,0)+16)) -> 173 | AO58: =ABS(INDEX(AO:AO,MATCH(AO52,$AA:$AA,0)+14)+INDEX(AO:AO,MATCH(AO52,$AA:$AA,0)+15)+INDEX(AO:AO,MATCH(AO52,$AA:$AA,0)+16)) -> 178 | AQ58: =ABS(INDEX(AQ:AQ,MATCH(AQ52,$AA:$AA,0)+14)+INDEX(AQ:AQ,MATCH(AQ52,$AA:$AA,0)+15)+INDEX(AQ:AQ,MATCH(AQ52,$AA:$AA,0)+16)) -> 189 | AS58: =ABS(INDEX(AS:AS,MATCH(AS52,$AA:$AA,0)+14)+INDEX(AS:AS,MATCH(AS52,$AA:$AA,0)+15)+INDEX(AS:AS,MATCH(AS52,$AA:$AA,0)+16)) -> 211
B59: =IF(AA59=0,"",AA59) -> Gesamt | C59: =IF(AB59=0,"",AB59) | D59: =IF(AC59=1505,"",AC59) -> 651 | E59: =IF(AD59=0,"",AD59) | F59: =IF(AE59=1505,"",AE59) -> 678 | G59: =IF(AF59=0,"",AF59) | H59: =IF(AG59=1505,"",AG59) -> 723 | I59: =IF(AH59=0,"",AH59) | J59: =IF(AI59=1505,"",AI59) -> 727 | K59: =IF(AJ59=0,"",AJ59) | L59: =IF(AK59=1505,"",AK59) -> 707 | M59: =IF(AL59=0,"",AL59) | N59: =IF(AM59=1505,"",AM59) -> 622 | O59: =IF(AN59=0,"",AN59) | P59: =IF(AO59=1505,"",AO59) -> 681 | Q59: =IF(AP59=0,"",AP59) | R59: =IF(AQ59=1505,"",AQ59) -> 743 | S59: =IF(AR59=0,"",AR59) | T59: =IF(AS59=1505,"",AS59) -> 703 | U59: =IF(AT59=0,"",AT59) | AA59: Gesamt | AC59: =SUM(AC55:AC58) -> 651 | AE59: =SUM(AE55:AE58) -> 678 | AG59: =SUM(AG55:AG58) -> 723 | AI59: =SUM(AI55:AI58) -> 727 | AK59: =SUM(AK55:AK58) -> 707 | AM59: =SUM(AM55:AM58) -> 622 | AO59: =SUM(AO55:AO58) -> 681 | AQ59: =SUM(AQ55:AQ58) -> 743 | AS59: =SUM(AS55:AS58) -> 703
B61: =AA61 -> Team-Nr. | D61: =AC61 -> Liga: | F61: =AE61 -> Bayernliga Herren | S61: Datum: | U61: =AT61 -> 04.10./05.10. | AA61: Team-Nr. | AC61: Liga: | AE61: =Schlüssel!$C$1 -> Bayernliga Herren | AR61: Datum: | AT61: =VLOOKUP(AS62,Spielorte!$A$1:$C$6,2) -> 04.10./05.10. | BA61: Punkte | BB61: Pins | BC61: Team | BD61: EDV | BE61: Pins | BF61: Spiele | BG61: Spiele RL | BH61: Sp1 | BI61: Sp2 | BJ61: Sp3 | BK61: Sp4 | BL61: Sp5 | BM61: Sp6 | BN61: Sp7 | BO61: Sp8 | BP61: Sp9 | BQ61: Tagestabelle Wert | BR61: Rang | BS61: Einzelspiel | BT61: Bestes | BU61: Team | BV61: Rang | BW61: Serie | BX61: Komplett | BY61: Bester Schnitt | BZ61: Rang
B62: =AA62 -> 3 | D62: Ort: | F62: =AE62 -> Regensburg Super Bowl | S62: Spieltag: | T62: =AS62 -> 1 | AA62: 3 | AC62: Ort: | AE62: =VLOOKUP(AS62,Spielorte!$A$1:$C$6,3) -> Regensburg Super Bowl | AR62: Spieltag: | AS62: 1
B63: =VLOOKUP(B62,Schlüssel!$A$5:$B$14,2) -> SG DJK Rimpar 1 | AA63: =VLOOKUP(AA62,Schlüssel!$A$5:$B$14,2) -> SG DJK Rimpar 1
D64: Bahn | E64: =VLOOKUP($B$2,Schlüssel!$A$5:$DZ$14,13) -> 7 | F64: Bahn | G64: =VLOOKUP($B$2,Schlüssel!$A$5:$DZ$14,14) -> 6 | H64: Bahn | I64: =VLOOKUP($B$2,Schlüssel!$A$5:$DZ$14,15) -> 9 | J64: Bahn | K64: =VLOOKUP($B$2,Schlüssel!$A$5:$DZ$14,16) -> 11 | L64: Bahn | M64: =VLOOKUP($B$2,Schlüssel!$A$5:$DZ$14,17) -> 3 | N64: Bahn | O64: =VLOOKUP($B$2,Schlüssel!$A$5:$DZ$14,18) -> 5 | P64: Bahn | Q64: =VLOOKUP($B$2,Schlüssel!$A$5:$DZ$14,19) -> 12 | R64: Bahn | S64: =VLOOKUP($B$2,Schlüssel!$A$5:$DZ$14,20) -> 10 | T64: Bahn | U64: =VLOOKUP($B$2,Schlüssel!$A$5:$DZ$14,21) -> 4 | AC64: Bahn | AD64: =VLOOKUP($AA62,Schlüssel!$A$5:$DZ$14,13) -> 8 | AE64: Bahn | AF64: =VLOOKUP($AA62,Schlüssel!$A$5:$DZ$14,14) -> 4 | AG64: Bahn | AH64: =VLOOKUP($AA62,Schlüssel!$A$5:$DZ$14,15) -> 6 | AI64: Bahn | AJ64: =VLOOKUP($AA62,Schlüssel!$A$5:$DZ$14,16) -> 7 | AK64: Bahn | AL64: =VLOOKUP($AA62,Schlüssel!$A$5:$DZ$14,17) -> 9 | AM64: Bahn | AN64: =VLOOKUP($AA62,Schlüssel!$A$5:$DZ$14,18) -> 12 | AO64: Bahn | AP64: =VLOOKUP($AA62,Schlüssel!$A$5:$DZ$14,19) -> 5 | AQ64: Bahn | AR64: =VLOOKUP($AA62,Schlüssel!$A$5:$DZ$14,20) -> 3 | AS64: Bahn | AT64: =VLOOKUP($AA62,Schlüssel!$A$5:$DZ$14,21) -> 10
B65: Spieler | D65: Spiel 1 | F65: Spiel 2 | H65: Spiel 3 | J65: Spiel 4 | L65: Spiel 5 | N65: Spiel 6 | P65: Spiel 7 | R65: Spiel 8 | T65: Spiel 9 | V65: Gesamt | AA65: Spieler | AC65: Spiel 1 | AE65: Spiel 2 | AG65: Spiel 3 | AI65: Spiel 4 | AK65: Spiel 5 | AM65: Spiel 6 | AO65: Spiel 7 | AQ65: Spiel 8 | AS65: Spiel 9 | AU65: Gesamt
B66: Name | C66: RL-Nr. | D66: Pins | E66: Pkt. | F66: Pins | G66: Pkt. | H66: Pins | I66: Pkt. | J66: Pins | K66: Pkt. | L66: Pins | M66: Pkt. | N66: Pins | O66: Pkt. | P66: Pins | Q66: Pkt. | R66: Pins | S66: Pkt. | T66: Pins | U66: Pkt. | V66: Pins | W66: Pkt. | AA66: Name | AB66: RL-Nr. | AC66: Pins | AD66: Pkt. | AE66: Pins | AF66: Pkt. | AG66: Pins | AH66: Pkt. | AI66: Pins | AJ66: Pkt. | AK66: Pins | AL66: Pkt. | AM66: Pins | AN66: Pkt. | AO66: Pins | AP66: Pkt. | AQ66: Pins | AR66: Pkt. | AS66: Pins | AT66: Pkt. | AU66: Pins | AV66: Pkt.
A67: Spieler 1 | B67: =IF(AA67=0,"",AA67) -> Plaschka Nico | C67: =IF(AB67=0,"",AB67) -> 38039 | D67: =IF(AC67=0,"",AC67) -> 167 | E67: =IF(AD67="","",AD67) -> 0 | F67: =IF(AE67=0,"",AE67) -> 190 | G67: =IF(AF67="","",AF67) -> 1 | H67: =IF(AG67=0,"",AG67) -> 156 | I67: =IF(AH67="","",AH67) -> 0 | J67: =IF(AI67=0,"",AI67) -> 160 | K67: =IF(AJ67="","",AJ67) -> 0 | L67: =IF(AK67=0,"",AK67) | M67: =IF(AL67="","",AL67) -> 0 | N67: =IF(AM67=0,"",AM67) | O67: =IF(AN67="","",AN67) -> 0 | P67: =IF(AO67=0,"",AO67) | Q67: =IF(AP67="","",AP67) -> 0 | R67: =IF(AQ67=0,"",AQ67) | S67: =IF(AR67="","",AR67) -> 0 | T67: =IF(AS67=0,"",AS67) | U67: =IF(AT67="","",AT67) -> 0 | V67: =IF(AU67=0,"",AU67) -> 673 | W67: =IF(AV67="","",AV67) -> 1 | Z67: Spieler 1 | AA67: =IF(AB67=0,"",_xlfn.CONCAT(VLOOKUP(AB67,Starter!A:C,2,0))) -> Plaschka Nico | AB67: 38039 | AC67: 167 | AD67: =IF(SUM(AC67:AC69)+AC85=0,0,IF(SUM(ABS(AC67),ABS(AC68),ABS(AC69))=AC85,0.5,IF(SUM(ABS(AC67),ABS(AC68),ABS(AC69))>AC85,1,0))) -> 0 | AE67: 190 | AF67: =IF(SUM(AE67:AE69)+AE85=0,0,IF(SUM(ABS(AE67),ABS(AE68),ABS(AE69))=AE85,0.5,IF(SUM(ABS(AE67),ABS(AE68),ABS(AE69))>AE85,1,0))) -> 1 | AG67: 156 | AH67: =IF(SUM(AG67:AG69)+AG85=0,0,IF(SUM(ABS(AG67),ABS(AG68),ABS(AG69))=AG85,0.5,IF(SUM(ABS(AG67),ABS(AG68),ABS(AG69))>AG85,1,0))) -> 0 | AI67: 160 | AJ67: =IF(SUM(AI67:AI69)+AI85=0,0,IF(SUM(ABS(AI67),ABS(AI68),ABS(AI69))=AI85,0.5,IF(SUM(ABS(AI67),ABS(AI68),ABS(AI69))>AI85,1,0))) -> 0 | AL67: =IF(SUM(AK67:AK69)+AK85=0,0,IF(SUM(ABS(AK67),ABS(AK68),ABS(AK69))=AK85,0.5,IF(SUM(ABS(AK67),ABS(AK68),ABS(AK69))>AK85,1,0))) -> 0 | AN67: =IF(SUM(AM67:AM69)+AM85=0,0,IF(SUM(ABS(AM67),ABS(AM68),ABS(AM69))=AM85,0.5,IF(SUM(ABS(AM67),ABS(AM68),ABS(AM69))>AM85,1,0))) -> 0 | AP67: =IF(SUM(AO67:AO69)+AO85=0,0,IF(SUM(ABS(AO67),ABS(AO68),ABS(AO69))=AO85,0.5,IF(SUM(ABS(AO67),ABS(AO68),ABS(AO69))>AO85,1,0))) -> 0 | AR67: =IF(SUM(AQ67:AQ69)+AQ85=0,0,IF(SUM(ABS(AQ67),ABS(AQ68),ABS(AQ69))=AQ85,0.5,IF(SUM(ABS(AQ67),ABS(AQ68),ABS(AQ69))>AQ85,1,0))) -> 0 | AT67: =IF(SUM(AS67:AS69)+AS85=0,0,IF(SUM(ABS(AS67),ABS(AS68),ABS(AS69))=AS85,0.5,IF(SUM(ABS(AS67),ABS(AS68),ABS(AS69))>AS85,1,0))) -> 0 | AU67: =ABS(SUM(AC67:AC67))+ABS(SUM(AE67:AE67))+ABS(SUM(AG67:AG67))+ABS(SUM(AI67:AI67))+ABS(SUM(AK67:AK67))+ABS(SUM(AM67:AM67))+ABS(SUM(AO67:AO67))+ABS(SUM(AQ67:AQ67))+ABS(SUM(AS67:AS67)) -> 673 | AV67: =SUM(AD67+AF67+AH67+AJ67+AL67+AN67+AP67+AR67+AT67) -> 1 | BD67: =+AB67 -> 38039 | BE67: =+AU67 -> 673 | BF67: =COUNT(BH67:BP67) -> 4 | BG67: =COUNTIF(BH67:BP67,">0") -> 4 | BH67: =IF(AC67=0,"",AC67) -> 167 | BI67: =IF(AE67=0,"",AE67) -> 190 | BJ67: =IF(AG67=0,"",AG67) -> 156 | BK67: =IF(AI67=0,"",AI67) -> 160 | BL67: =IF(AK67=0,"",AK67) | BM67: =IF(AM67=0,"",AM67) | BN67: =IF(AO67=0,"",AO67) | BO67: =IF(AQ67=0,"",AQ67) | BP67: =IF(AS67=0,"",AS67) | BS67: =MAX(BH67:BP67) -> 190 | BT67: =IF(BS67<MAX(BS:BS),0,BS67+ROW()/1000000000) -> 0 | BU67: =+AA63 -> SG DJK Rimpar 1 | BV67: =RANK(BT67,BT:BT) -> 2 | BW67: =SUMIF(BH67:BP67,">0") -> 673 | BX67: =IF(COUNTIF(BH67:BP67,">0")<Spielorte!$A$23,0,BE67/Spielorte!$A$23) -> 0 | BY67: =IF(BX67<MAX(BX:BX),0,BX67+ROW()/1000000000) -> 0 | BZ67: =IF(BY67=0,0,RANK(BY67,BY:BY)) -> 0
B68: =IF(AA68=0,"",AA68) -> Gräfe Sebastian | C68: =IF(AB68=0,"",AB68) -> 38687 | D68: =IF(AC68=0,"",AC68) | F68: =IF(AE68=0,"",AE68) | H68: =IF(AG68=0,"",AG68) | J68: =IF(AI68=0,"",AI68) | L68: =IF(AK68=0,"",AK68) -> 174 | N68: =IF(AM68=0,"",AM68) -> 180 | P68: =IF(AO68=0,"",AO68) -> 176 | R68: =IF(AQ68=0,"",AQ68) -> 133 | T68: =IF(AS68=0,"",AS68) -> 155 | V68: =IF(AU68=0,"",AU68) -> 818 | AA68: =IF(AB68=0,"",_xlfn.CONCAT(VLOOKUP(AB68,Starter!A:C,2,0))) -> Gräfe Sebastian | AB68: 38687 | AK68: 174 | AM68: 180 | AO68: 176 | AQ68: 133 | AS68: 155 | AU68: =ABS(SUM(AC68:AC68))+ABS(SUM(AE68:AE68))+ABS(SUM(AG68:AG68))+ABS(SUM(AI68:AI68))+ABS(SUM(AK68:AK68))+ABS(SUM(AM68:AM68))+ABS(SUM(AO68:AO68))+ABS(SUM(AQ68:AQ68))+ABS(SUM(AS68:AS68)) -> 818 | BD68: =+AB68 -> 38687 | BE68: =+AU68 -> 818 | BF68: =COUNT(BH68:BP68) -> 5 | BG68: =COUNTIF(BH68:BP68,">0") -> 5 | BH68: =IF(AC68=0,"",AC68) | BI68: =IF(AE68=0,"",AE68) | BJ68: =IF(AG68=0,"",AG68) | BK68: =IF(AI68=0,"",AI68) | BL68: =IF(AK68=0,"",AK68) -> 174 | BM68: =IF(AM68=0,"",AM68) -> 180 | BN68: =IF(AO68=0,"",AO68) -> 176 | BO68: =IF(AQ68=0,"",AQ68) -> 133 | BP68: =IF(AS68=0,"",AS68) -> 155 | BS68: =MAX(BH68:BP68) -> 180 | BT68: =IF(BS68<MAX(BS:BS),0,BS68+ROW()/1000000000) -> 0 | BU68: =+BU67 -> SG DJK Rimpar 1 | BV68: =RANK(BT68,BT:BT) -> 2 | BW68: =SUMIF(BH68:BP68,">0") -> 818 | BX68: =IF(COUNTIF(BH68:BP68,">0")<Spielorte!$A$23,0,BE68/Spielorte!$A$23) -> 0 | BY68: =IF(BX68<MAX(BX:BX),0,BX68+ROW()/1000000000) -> 0 | BZ68: =IF(BY68=0,0,RANK(BY68,BY:BY)) -> 0
B69: =IF(AA69=0,"",AA69) | C69: =IF(AB69=0,"",AB69) | D69: =IF(AC69=0,"",AC69) | F69: =IF(AE69=0,"",AE69) | H69: =IF(AG69=0,"",AG69) | J69: =IF(AI69=0,"",AI69) | L69: =IF(AK69=0,"",AK69) | N69: =IF(AM69=0,"",AM69) | P69: =IF(AO69=0,"",AO69) | R69: =IF(AQ69=0,"",AQ69) | T69: =IF(AS69=0,"",AS69) | V69: =IF(AU69=0,"",AU69) | AA69: =IF(AB69=0,"",_xlfn.CONCAT(VLOOKUP(AB69,Starter!A:C,2,0))) | AU69: =ABS(SUM(AC69:AC69))+ABS(SUM(AE69:AE69))+ABS(SUM(AG69:AG69))+ABS(SUM(AI69:AI69))+ABS(SUM(AK69:AK69))+ABS(SUM(AM69:AM69))+ABS(SUM(AO69:AO69))+ABS(SUM(AQ69:AQ69))+ABS(SUM(AS69:AS69)) -> 0 | BD69: =+AB69 -> 0 | BE69: =+AU69 -> 0 | BF69: =COUNT(BH69:BP69) -> 0 | BG69: =COUNTIF(BH69:BP69,">0") -> 0 | BH69: =IF(AC69=0,"",AC69) | BI69: =IF(AE69=0,"",AE69) | BJ69: =IF(AG69=0,"",AG69) | BK69: =IF(AI69=0,"",AI69) | BL69: =IF(AK69=0,"",AK69) | BM69: =IF(AM69=0,"",AM69) | BN69: =IF(AO69=0,"",AO69) | BO69: =IF(AQ69=0,"",AQ69) | BP69: =IF(AS69=0,"",AS69) | BS69: =MAX(BH69:BP69) -> 0 | BT69: =IF(BS69<MAX(BS:BS),0,BS69+ROW()/1000000000) -> 0 | BU69: =+BU68 -> SG DJK Rimpar 1 | BV69: =RANK(BT69,BT:BT) -> 2 | BW69: =SUMIF(BH69:BP69,">0") -> 0 | BX69: =IF(COUNTIF(BH69:BP69,">0")<Spielorte!$A$23,0,BE69/Spielorte!$A$23) -> 0 | BY69: =IF(BX69<MAX(BX:BX),0,BX69+ROW()/1000000000) -> 0 | BZ69: =IF(BY69=0,0,RANK(BY69,BY:BY)) -> 0
A70: Spieler 2 | B70: =IF(AA70=0,"",AA70) -> Gräfe Sebastian | C70: =IF(AB70=0,"",AB70) -> 38687 | D70: =IF(AC70=0,"",AC70) -> 154 | E70: =IF(AD70="","",AD70) -> 0 | F70: =IF(AE70=0,"",AE70) -> 155 | G70: =IF(AF70="","",AF70) -> 0 | H70: =IF(AG70=0,"",AG70) -> 170 | I70: =IF(AH70="","",AH70) -> 1 | J70: =IF(AI70=0,"",AI70) -> 201 | K70: =IF(AJ70="","",AJ70) -> 1 | L70: =IF(AK70=0,"",AK70) | M70: =IF(AL70="","",AL70) -> 0 | N70: =IF(AM70=0,"",AM70) | O70: =IF(AN70="","",AN70) -> 1 | P70: =IF(AO70=0,"",AO70) | Q70: =IF(AP70="","",AP70) -> 0 | R70: =IF(AQ70=0,"",AQ70) | S70: =IF(AR70="","",AR70) -> 0 | T70: =IF(AS70=0,"",AS70) | U70: =IF(AT70="","",AT70) -> 1 | V70: =IF(AU70=0,"",AU70) -> 680 | W70: =IF(AV70="","",AV70) -> 4 | Z70: Spieler 2 | AA70: =IF(AB70=0,"",_xlfn.CONCAT(VLOOKUP(AB70,Starter!A:C,2,0))) -> Gräfe Sebastian | AB70: 38687 | AC70: 154 | AD70: =IF(SUM(AC70:AC72)+AC86=0,0,IF(SUM(ABS(AC70),ABS(AC71),ABS(AC72))=AC86,0.5,IF(SUM(ABS(AC70),ABS(AC71),ABS(AC72))>AC86,1,0))) -> 0 | AE70: 155 | AF70: =IF(SUM(AE70:AE72)+AE86=0,0,IF(SUM(ABS(AE70),ABS(AE71),ABS(AE72))=AE86,0.5,IF(SUM(ABS(AE70),ABS(AE71),ABS(AE72))>AE86,1,0))) -> 0 | AG70: 170 | AH70: =IF(SUM(AG70:AG72)+AG86=0,0,IF(SUM(ABS(AG70),ABS(AG71),ABS(AG72))=AG86,0.5,IF(SUM(ABS(AG70),ABS(AG71),ABS(AG72))>AG86,1,0))) -> 1 | AI70: 201 | AJ70: =IF(SUM(AI70:AI72)+AI86=0,0,IF(SUM(ABS(AI70),ABS(AI71),ABS(AI72))=AI86,0.5,IF(SUM(ABS(AI70),ABS(AI71),ABS(AI72))>AI86,1,0))) -> 1 | AL70: =IF(SUM(AK70:AK72)+AK86=0,0,IF(SUM(ABS(AK70),ABS(AK71),ABS(AK72))=AK86,0.5,IF(SUM(ABS(AK70),ABS(AK71),ABS(AK72))>AK86,1,0))) -> 0 | AN70: =IF(SUM(AM70:AM72)+AM86=0,0,IF(SUM(ABS(AM70),ABS(AM71),ABS(AM72))=AM86,0.5,IF(SUM(ABS(AM70),ABS(AM71),ABS(AM72))>AM86,1,0))) -> 1 | AP70: =IF(SUM(AO70:AO72)+AO86=0,0,IF(SUM(ABS(AO70),ABS(AO71),ABS(AO72))=AO86,0.5,IF(SUM(ABS(AO70),ABS(AO71),ABS(AO72))>AO86,1,0))) -> 0 | AR70: =IF(SUM(AQ70:AQ72)+AQ86=0,0,IF(SUM(ABS(AQ70),ABS(AQ71),ABS(AQ72))=AQ86,0.5,IF(SUM(ABS(AQ70),ABS(AQ71),ABS(AQ72))>AQ86,1,0))) -> 0 | AT70: =IF(SUM(AS70:AS72)+AS86=0,0,IF(SUM(ABS(AS70),ABS(AS71),ABS(AS72))=AS86,0.5,IF(SUM(ABS(AS70),ABS(AS71),ABS(AS72))>AS86,1,0))) -> 1 | AU70: =ABS(SUM(AC70:AC70))+ABS(SUM(AE70:AE70))+ABS(SUM(AG70:AG70))+ABS(SUM(AI70:AI70))+ABS(SUM(AK70:AK70))+ABS(SUM(AM70:AM70))+ABS(SUM(AO70:AO70))+ABS(SUM(AQ70:AQ70))+ABS(SUM(AS70:AS70)) -> 680 | AV70: =SUM(AD70+AF70+AH70+AJ70+AL70+AN70+AP70+AR70+AT70) -> 4 | BD70: =+AB70 -> 38687 | BE70: =+AU70 -> 680 | BF70: =COUNT(BH70:BP70) -> 4 | BG70: =COUNTIF(BH70:BP70,">0") -> 4 | BH70: =IF(AC70=0,"",AC70) -> 154 | BI70: =IF(AE70=0,"",AE70) -> 155 | BJ70: =IF(AG70=0,"",AG70) -> 170 | BK70: =IF(AI70=0,"",AI70) -> 201 | BL70: =IF(AK70=0,"",AK70) | BM70: =IF(AM70=0,"",AM70) | BN70: =IF(AO70=0,"",AO70) | BO70: =IF(AQ70=0,"",AQ70) | BP70: =IF(AS70=0,"",AS70) | BS70: =MAX(BH70:BP70) -> 201 | BT70: =IF(BS70<MAX(BS:BS),0,BS70+ROW()/1000000000) -> 0 | BU70: =+BU69 -> SG DJK Rimpar 1 | BV70: =RANK(BT70,BT:BT) -> 2 | BW70: =SUMIF(BH70:BP70,">0") -> 680 | BX70: =IF(COUNTIF(BH70:BP70,">0")<Spielorte!$A$23,0,BE70/Spielorte!$A$23) -> 0 | BY70: =IF(BX70<MAX(BX:BX),0,BX70+ROW()/1000000000) -> 0 | BZ70: =IF(BY70=0,0,RANK(BY70,BY:BY)) -> 0
B71: =IF(AA71=0,"",AA71) -> Kreß Michael | C71: =IF(AB71=0,"",AB71) -> 10622 | D71: =IF(AC71=0,"",AC71) | F71: =IF(AE71=0,"",AE71) | H71: =IF(AG71=0,"",AG71) | J71: =IF(AI71=0,"",AI71) | L71: =IF(AK71=0,"",AK71) -> 196 | N71: =IF(AM71=0,"",AM71) | P71: =IF(AO71=0,"",AO71) | R71: =IF(AQ71=0,"",AQ71) | T71: =IF(AS71=0,"",AS71) | V71: =IF(AU71=0,"",AU71) -> 196 | AA71: =IF(AB71=0,"",_xlfn.CONCAT(VLOOKUP(AB71,Starter!A:C,2,0))) -> Kreß Michael | AB71: 10622 | AK71: 196 | AU71: =ABS(SUM(AC71:AC71))+ABS(SUM(AE71:AE71))+ABS(SUM(AG71:AG71))+ABS(SUM(AI71:AI71))+ABS(SUM(AK71:AK71))+ABS(SUM(AM71:AM71))+ABS(SUM(AO71:AO71))+ABS(SUM(AQ71:AQ71))+ABS(SUM(AS71:AS71)) -> 196 | BD71: =+AB71 -> 10622 | BE71: =+AU71 -> 196 | BF71: =COUNT(BH71:BP71) -> 1 | BG71: =COUNTIF(BH71:BP71,">0") -> 1 | BH71: =IF(AC71=0,"",AC71) | BI71: =IF(AE71=0,"",AE71) | BJ71: =IF(AG71=0,"",AG71) | BK71: =IF(AI71=0,"",AI71) | BL71: =IF(AK71=0,"",AK71) -> 196 | BM71: =IF(AM71=0,"",AM71) | BN71: =IF(AO71=0,"",AO71) | BO71: =IF(AQ71=0,"",AQ71) | BP71: =IF(AS71=0,"",AS71) | BS71: =MAX(BH71:BP71) -> 196 | BT71: =IF(BS71<MAX(BS:BS),0,BS71+ROW()/1000000000) -> 0 | BU71: =+BU70 -> SG DJK Rimpar 1 | BV71: =RANK(BT71,BT:BT) -> 2 | BW71: =SUMIF(BH71:BP71,">0") -> 196 | BX71: =IF(COUNTIF(BH71:BP71,">0")<Spielorte!$A$23,0,BE71/Spielorte!$A$23) -> 0 | BY71: =IF(BX71<MAX(BX:BX),0,BX71+ROW()/1000000000) -> 0 | BZ71: =IF(BY71=0,0,RANK(BY71,BY:BY)) -> 0
B72: =IF(AA72=0,"",AA72) -> Plaschka Nico | C72: =IF(AB72=0,"",AB72) -> 38039 | D72: =IF(AC72=0,"",AC72) | F72: =IF(AE72=0,"",AE72) | H72: =IF(AG72=0,"",AG72) | J72: =IF(AI72=0,"",AI72) | L72: =IF(AK72=0,"",AK72) | N72: =IF(AM72=0,"",AM72) -> 164 | P72: =IF(AO72=0,"",AO72) -> 132 | R72: =IF(AQ72=0,"",AQ72) -> 135 | T72: =IF(AS72=0,"",AS72) -> 153 | V72: =IF(AU72=0,"",AU72) -> 584 | AA72: =IF(AB72=0,"",_xlfn.CONCAT(VLOOKUP(AB72,Starter!A:C,2,0))) -> Plaschka Nico | AB72: 38039 | AM72: 164 | AO72: 132 | AQ72: 135 | AS72: 153 | AU72: =ABS(SUM(AC72:AC72))+ABS(SUM(AE72:AE72))+ABS(SUM(AG72:AG72))+ABS(SUM(AI72:AI72))+ABS(SUM(AK72:AK72))+ABS(SUM(AM72:AM72))+ABS(SUM(AO72:AO72))+ABS(SUM(AQ72:AQ72))+ABS(SUM(AS72:AS72)) -> 584 | BD72: =+AB72 -> 38039 | BE72: =+AU72 -> 584 | BF72: =COUNT(BH72:BP72) -> 4 | BG72: =COUNTIF(BH72:BP72,">0") -> 4 | BH72: =IF(AC72=0,"",AC72) | BI72: =IF(AE72=0,"",AE72) | BJ72: =IF(AG72=0,"",AG72) | BK72: =IF(AI72=0,"",AI72) | BL72: =IF(AK72=0,"",AK72) | BM72: =IF(AM72=0,"",AM72) -> 164 | BN72: =IF(AO72=0,"",AO72) -> 132 | BO72: =IF(AQ72=0,"",AQ72) -> 135 | BP72: =IF(AS72=0,"",AS72) -> 153 | BS72: =MAX(BH72:BP72) -> 164 | BT72: =IF(BS72<MAX(BS:BS),0,BS72+ROW()/1000000000) -> 0 | BU72: =+BU71 -> SG DJK Rimpar 1 | BV72: =RANK(BT72,BT:BT) -> 2 | BW72: =SUMIF(BH72:BP72,">0") -> 584 | BX72: =IF(COUNTIF(BH72:BP72,">0")<Spielorte!$A$23,0,BE72/Spielorte!$A$23) -> 0 | BY72: =IF(BX72<MAX(BX:BX),0,BX72+ROW()/1000000000) -> 0 | BZ72: =IF(BY72=0,0,RANK(BY72,BY:BY)) -> 0
